Series Name,Series Code,Country Name,Country Code,1992 [YR1992],1993 [YR1993],1994 [YR1994],1995 [YR1995],1996 [YR1996],1997 [YR1997],1998 [YR1998],1999 [YR1999],2000 [YR2000],2001 [YR2001],2002 [YR2002],2003 [YR2003],2004 [YR2004],2005 [YR2005],2006 [YR2006],2007 [YR2007],2008 [YR2008],2009 [YR2009],2010 [YR2010],2011 [YR2011],2012 [YR2012],2013 [YR2013],2014 [YR2014],2015 [YR2015],2016 [YR2016]
Exports of goods and services (% of GDP),NE.EXP.GNFS.ZS,Austria,AUT,33.2353314760951,31.5398774973036,32.2361907844691,33.6141166614543,34.3260231891299,37.1095049388858,38.4525486345965,39.4406688915399,43.4297068820952,44.6928354068558,45.3092484776471,44.5803390773207,46.9163042656422,48.6307793094521,50.8316258753068,52.4851502713453,53.1549284745586,44.8958615926937,51.0036062485681,53.6718626571573,53.7968041822803,53.1923388048021,53.0161619720015,53.0602062913119,52.2384621704147
Exports of goods and services (% of GDP),NE.EXP.GNFS.ZS,Belgium,BEL,58.1956405828006,55.5226206194562,57.8156733053286,59.4874678663239,60.4430819386687,63.8968177050834,63.3971597935946,63.898602114435,71.857548930765,71.0205125889807,70.3146529002236,68.5961144506912,70.3700231996813,73.5213383801901,75.711285671428,77.4908402062005,79.695875910141,69.309681433335,76.4484348166672,81.6357430375673,82.3058064516129,81.8063926521005,83.2037165946851,82.9488088883039,84.4598456871381
Exports of goods and services (% of GDP),NE.EXP.GNFS.ZS,Croatia,HRV,..,..,..,27.6117636058627,30.7297538738016,31.3188763410016,29.4857591356518,30.4572813233422,36.5050424887871,38.6624233216242,37.6714812661546,38.8901120677894,39.4543555200511,39.2955353805271,39.6632445331218,39.0005041788392,38.4772468778951,34.5233084379366,37.7374427782657,40.4055155102348,41.5743777557948,43.0297072624851,46.4266560045962,49.9748944174705,51.4024298670729
Exports of goods and services (% of GDP),NE.EXP.GNFS.ZS,Denmark,DNK,36.9543690561573,36.566228596416,36.851923816504,36.6660138178822,37.1188503194782,37.8117122941658,37.2337662775677,39.3935342213301,44.8894877731153,45.5953441640917,45.7441867555952,43.8774011641544,43.9656414570774,47.4521180541544,50.7300298408094,51.482564575911,54.1758119757753,47.1260516693445,50.5229368842239,53.820117886958,54.6304964321937,54.8288133195348,54.5178542980041,55.2270134093276,53.0990339992663
Exports of goods and services (% of GDP),NE.EXP.GNFS.ZS,Finland,FIN,25.5232640362042,31.3663292438308,34.0285122510136,35.7624091886846,36.3276504017245,37.8009355415485,37.4673954577927,37.6023258195914,42.0868773897153,39.7128159682076,39.0858391384391,37.2661955940859,38.5891959085546,40.2556163200253,43.1708899625755,43.9968057282511,45.0779769863353,36.2709842069503,38.6777124532336,39.1595426400297,39.4813632109233,38.8141911497113,37.2222276297731,36.8410250535771,35.3528417000682
Exports of goods and services (% of GDP),NE.EXP.GNFS.ZS,France,FRA,21.1492196358154,20.6101685469573,21.4618850334431,22.4059097102208,22.8224313912387,25.2426833387319,25.7957897401779,25.7198938472147,28.1734433984177,27.7941822923174,27.0397720822025,25.6108628235084,25.9090111997007,26.3688375363577,27.1758467614219,27.1283927901443,27.3862264198211,24.0716301094833,26.0432298330582,27.8034986917783,28.5218136314173,28.6080739163487,28.8441238605351,29.8472867408031,29.4306453935807
Exports of goods and services (% of GDP),NE.EXP.GNFS.ZS,Germany,DEU,22.2637024278602,20.3544079380058,21.1350113916374,22.0064459049545,22.9086029320154,25.3919749477655,26.4533774644119,27.0412324202859,30.8295377230118,31.8706791751726,32.5740396235895,32.591483189795,35.4484237785274,37.7404535695349,41.1903478533375,43.0099115480875,43.4598749287594,37.8022013754532,42.2503740223096,44.8181730740774,45.982539717068,45.4577105978261,45.6520162931397,46.781180551434,45.9909000118057
Exports of goods and services (% of GDP),NE.EXP.GNFS.ZS,Greece,GRC,14.8788393387365,14.0477673647043,14.4456091463048,14.4252834909638,14.2869572693077,16.2222652425479,16.2965833756753,19.2560788540331,23.7183809141659,22.788744320873,20.1128544460134,18.5445830443658,20.7081145744875,21.3122304275532,21.1740087896788,22.5202697630197,23.3615691198983,18.9821866963597,22.1022051218367,25.5354159285239,28.6839940157939,30.3534285061372,32.5038049709655,31.9150025494538,30.1536057391187
Exports of goods and services (% of GDP),NE.EXP.GNFS.ZS,Hungary,HUN,27.6641543100739,23.2333057666215,25.4462309675026,39.2586911547095,41.9551632075798,47.9871626140752,52.9663924891672,55.6265861478888,66.8203226791275,64.8850432822511,58.1054549829476,56.4322095503002,59.7487160875643,62.797384801842,74.3006361688405,78.3093952437327,79.6460886999006,74.7702967881402,82.2484650685412,87.1725795339542,86.7688399770025,85.9997173996291,88.6552740438099,90.7267040583415,92.5076100316868
Exports of goods and services (% of GDP),NE.EXP.GNFS.ZS,Ireland,IRL,58.3477511368477,63.3043531300078,67.8928779253371,73.4473323077844,74.8337802677288,77.1619295423364,84.487894531759,86.7178279304938,94.488441742865,95.3370022228852,90.4802405428138,80.8512342067938,80.5365239043053,79.5703530877309,78.9736237396232,80.745002051006,84.1508450069216,93.454446983828,103.392991909973,102.445751640331,106.775604008862,106.089437019527,113.786739762701,123.994644881764,119.930507212036
Exports of goods and services (% of GDP),NE.EXP.GNFS.ZS,Italy,ITA,17.5337296449926,20.4627466405788,21.9393320356716,24.7494742686799,23.7629234935363,24.2002797356775,24.1226896694636,23.2504895551058,25.6577873429734,25.731748874718,24.4721818586864,23.3607370038917,24.0628990938127,24.6516620793843,26.2279689623036,27.4271991136572,26.9645411668669,22.4765953588626,25.1882092098956,27.0063472819143,28.5863671519443,28.8625898508378,29.3065161364393,30.0183815959838,29.9845232740559
Exports of goods and services (% of GDP),NE.EXP.GNFS.ZS,Netherlands,NLD,53.7398310944456,52.9706370074564,55.1086777011827,57.6109374471708,57.6456752032473,60.6815522754486,59.7344053016195,60.2403829928791,66.4929552002964,63.8234849883364,60.7507366011393,59.709357748914,63.5358314612961,66.6165697413349,69.2789514029406,70.2736107487608,71.6426013395644,63.1544515335039,71.9539771215749,77.3564421576877,81.9362208678724,82.0102091465619,82.5653687436652,82.463331318151,80.809217200888
Exports of goods and services (% of GDP),NE.EXP.GNFS.ZS,Poland,POL,21.4475537524666,20.7578296727106,21.3952316361496,22.9605173449227,22.0946519426189,23.3593652679692,25.9820251489517,24.1244818331558,27.2289540474839,27.2298471104843,28.7582175059245,33.3912971522466,34.2648184150678,34.6096996571318,37.8639851040919,38.564590078351,37.8569890106985,37.1844501708196,40.0551582131562,42.5634711991795,44.4444921786777,46.3213148869959,47.589003689007,49.522847785359,52.2819879957065
Exports of goods and services (% of GDP),NE.EXP.GNFS.ZS,Switzerland,CHE,40.9144679272064,41.4586229253484,41.1318639689828,40.783278703161,41.7987668962115,47.2271897158003,46.7114268468325,47.4170340056582,52.1924505738383,50.8888145582282,48.9828808337046,48.2312389144967,51.5524310088004,53.9426734801701,56.718092377735,61.6253437675376,62.9807203053916,57.4401453129545,64.249005431889,65.7753998090835,67.3384907353749,72.3060311621127,64.8627027221683,62.9030203323159,..
Exports of goods and services (% of GDP),NE.EXP.GNFS.ZS,Sweden,SWE,26.7234513004522,31.3074655581468,34.4905192690118,38.0028902685444,36.8333743093386,40.0517317969297,41.0272899529805,41.0378425044708,44.0979466113921,43.7539596389213,42.090046367996,41.2443052072759,43.4469175060559,45.8732551132439,48.1899956793643,48.2580656119268,49.8130977131591,44.452303460322,46.1851923611233,46.6828949588645,46.3231382978723,43.8006859051505,45.0331484134484,45.5901229890773,44.3968425498769
Exports of goods and services (% of GDP),NE.EXP.GNFS.ZS,Turkey,TUR,14.3922357339889,13.673802849848,21.3621312072128,19.8916075029397,21.5426581369532,24.5817176843052,20.5683373541523,18.5778590817683,19.448771835797,26.577921430235,24.4606945449228,22.2431333450905,22.7504811251205,21.017781274558,21.6504180470485,21.2202245714767,22.8262573257972,22.5736725360337,20.4488078160037,22.2624079166887,23.667365858549,22.2722551378665,23.7643347684811,23.33112657372,22.0585132467006
Exports of goods and services (% of GDP),NE.EXP.GNFS.ZS,United States,USA,9.68074712595341,9.51921564454307,9.86404661258997,10.6055145706062,10.7107218697413,11.0797971543292,10.4847990487138,10.2682808067057,10.664643353056,9.66607053553137,9.13238644013572,9.03751910184203,9.62536806733205,9.99639827502118,10.6547916669072,11.4979069440554,12.5143984658305,11.0116564284852,12.3783009403936,13.5737920131853,13.6066084998349,13.6393115137468,13.6564648642626,12.5539568106003,..
Exports of goods and services (% of GDP),NE.EXP.GNFS.ZS,United Kingdom,GBR,22.2027030513114,24.0510977570669,25.2578612875002,25.4323811982607,26.0142233172808,25.5084118420842,23.9079962623992,23.7463584686718,24.9679191534912,24.8147602793209,23.8801451752097,23.5970249080646,23.4749868569686,24.7443740544287,26.7780446317918,24.8641639830425,26.9010364058988,26.2317048370506,28.2565492206693,30.5223199535213,29.7986799152739,29.7570136867708,28.074601641719,27.6308074804802,28.0898436150682
Exports of goods and services (% of GDP),NE.EXP.GNFS.ZS,Slovenia,SVN,..,..,..,45.60678069108,46.1893400688448,47.5938086300209,47.5407899295888,44.1477155052388,50.00560338316,51.7489200512356,52.1575729009754,50.8958502408984,54.9662359275651,59.5799406279248,64.6953930634183,67.5970600995127,66.1088340049416,57.2426782788636,64.2881147552492,70.3739551320385,73.2741045544281,75.1866558224673,76.3896629485392,77.935844398111,79.0564584226799
Exports of goods and services (% of GDP),NE.EXP.GNFS.ZS,Slovak Republic,SVK,66.4742198113206,55.1373890303243,58.1544443913734,56.6849123260457,52.2867787106934,55.0673474769056,46.6571717360448,47.4785296379812,54.0657206165597,57.7947843673601,57.4823922268769,62.1928456495847,68.7124767038628,72.0456267341533,81.0266400626251,83.2757640520849,80.0453363471909,67.6092509853598,76.3352577866102,85.0470339297725,91.4301238786082,93.8195013492877,91.8030974993811,93.4881916398231,93.8146251728242
Exports of goods and services (% of GDP),NE.EXP.GNFS.ZS,Portugal,PRT,24.4548535693468,23.5964644305478,25.1296433204711,26.765554039587,26.5468088870944,27.1454164091975,27.3218355632049,26.4718665153461,28.19085673866,27.4239965888504,26.945552821905,26.7517090393724,27.2543875345978,26.7342551972326,29.9170673289114,31.0057427828733,31.1252705012107,27.0807114054582,29.8732519100281,34.2913336262909,37.7105706067037,39.516176040327,40.0743741060985,40.5607743215913,40.2700773669263
Exports of goods and services (% of GDP),NE.EXP.GNFS.ZS,Norway,NOR,37.1365883115462,37.1581716156184,37.3372653784984,37.1831664458574,39.9429387943189,40.5578082998342,36.907664426853,38.6042991196183,45.71406591745,44.9542850020932,40.3949926322651,39.6485456710955,41.1148603716875,43.4253487532568,44.6648147078154,43.3042209730703,45.9468484443728,39.2160260246335,39.819789976329,41.3370043334946,40.6160714526603,39.1953591083945,38.8605995915769,37.3859197615474,33.7867802495345
Exports of goods and services (% of GDP),NE.EXP.GNFS.ZS,Luxembourg,LUX,96.707857053524,96.9689675322849,100.180980034529,102.475306045934,106.524281977711,115.847004216419,126.178536185983,130.829615551375,148.484907700666,147.439463050704,141.96461158688,138.90022793065,153.035736645875,161.676408809019,176.246890384932,182.888001090727,187.111880717512,164.069506600635,174.523090007987,177.989656164445,186.444307394605,192.133327384353,206.301663332525,227.113480053523,227.937499654026
Exports of goods and services (% of GDP),NE.EXP.GNFS.ZS,Canada,CAN,26.1798918743776,29.132107095277,32.7791900515132,36.1050359903157,37.1091557636143,38.1431836637158,40.0448097984093,41.8771952181081,44.2374680237305,42.0362032608362,40.0344023970702,36.8278393844751,37.2879509727474,36.7951092003828,35.3293477379479,34.1531662527359,34.3231354394609,28.435750447407,29.0719564222074,30.5646237517811,30.2136045046982,30.1633384838833,31.5805875296314,31.5797105316553,30.9995738686805
Exports of goods and services (% of GDP),NE.EXP.GNFS.ZS,Czech Republic,CZE,40.20640569847,40.286404879494,37.4211637750411,40.5614781202634,38.4377437766948,40.5736208929351,42.2834171961279,43.0185044473249,48.3296594917876,49.1356506218688,45.2424144761489,47.061702585676,57.4301590104851,62.3147774136794,65.2916301101955,66.5527781975088,63.3644771832863,58.8127166241652,66.1767060370275,71.3071567311351,76.1700746223071,76.8709518101924,82.5456924295555,82.9552442961699,80.3418874114248
Exports of goods and services (% of GDP),NE.EXP.GNFS.ZS,Estonia,EST,..,..,..,67.8496884399518,61.7945389722772,71.6074053647034,74.3811771304456,70.2322712544099,61.6361238077949,61.3459162142177,58.3192386281315,57.395627832979,61.5182283428432,65.9058939990884,63.4885392231032,63.1956987780916,66.7977432058297,60.8047113869508,75.0782302117066,86.5397252728219,85.9894385872615,84.4650644828435,83.056925793124,79.2856910248626,79.5936576645319
Exports of goods and services (% of GDP),NE.EXP.GNFS.ZS,Spain,ESP,16.2652184428755,17.7938566180114,20.408590200644,21.9318278301117,23.1184117772423,25.7537414414467,26.1832135469874,26.3972364869867,28.616170212766,27.8622156654201,26.4771356274223,25.4473086803274,25.1788906688955,24.6677828332434,24.8719709040114,25.7077350535294,25.3168991056318,22.6737989720435,25.5198151932672,28.9210799943573,30.7016632716459,32.2193882028092,32.6673898893469,33.1777668901927,33.0674390021646
,,,,,,,,,,,,,,,,,,,,,,,,,,,,
,,,,,,,,,,,,,,,,,,,,,,,,,,,,
,,,,,,,,,,,,,,,,,,,,,,,,,,,,
Data from database: World Development Indicators,,,,,,,,,,,,,,,,,,,,,,,,,,,,
Last Updated: 06/30/2017,,,,,,,,,,,,,,,,,,,,,,,,,,,,
