"Country","TIME","unemp","gdpc","infl","socsp","minwage","bipacc","loggdp","schooling","emp_protect","particip","exports","id"
"Austria",1990,NA,NA,NA,NA,NA,NA,NA,NA,NA,NA,NA,1
"Austria",1991,NA,20523.528812,3.3374261001366,NA,NA,NA,3.441627,NA,2.75,NA,NA,1
"Austria",1992,NA,21196.268217,4.02084684152512,NA,NA,NA,2.093525,NA,2.75,NA,33.2353314760951,1
"Austria",1993,3.95833333333333,21635.75421,3.63178554402615,NA,NA,NA,0.526809,NA,2.75,NA,31.5398774973036,1
"Austria",1994,4.24166666666667,22540.048787,2.95340652383275,NA,NA,NA,2.402119,NA,2.75,59.0628798476275,32.2361907844691,1
"Austria",1995,4.24166666666667,23587.926414,2.24336375412049,22.758,NA,-2.8663329386705,2.667984,NA,2.75,59.2356531388096,33.6141166614543,1
"Austria",1996,4.73333333333333,24475.617809,1.86097410872889,NA,NA,-2.84353023382828,2.398314,NA,2.75,58.5665779843048,34.3260231891299,1
"Austria",1997,4.73333333333333,25350.587983,1.30598330374072,22.039,NA,-2.55005471731342,2.20502,NA,2.75,58.5444571027847,37.1095049388858,1
"Austria",1998,4.725,26577.118805,0.922466865804067,NA,NA,-1.87204919126377,3.559967,NA,2.75,58.4568501588537,38.4525486345965,1
"Austria",1999,4.15,27547.946746,0.568986519284504,22.171,NA,-2.26528270007973,3.589988,NA,2.75,58.6174573512105,39.4406688915399,1
"Austria",2000,3.93333333333333,29301.082171,2.34486839687016,NA,NA,-0.709206141235536,3.368408,NA,2.75,58.4628178539935,43.4297068820952,1
"Austria",2001,3.98333333333333,29725.427138,2.65,21.83,NA,-0.797380466636588,1.350516,NA,2.75,58.541876759244,44.6928354068558,1
"Austria",2002,4.38333333333333,31118.569332,1.8103588244845,NA,NA,2.10558738053299,1.655855,NA,2.75,59.1259955086861,45.3092484776471,1
"Austria",2003,4.75833333333333,31999.730108,1.35555378358984,22.69,NA,1.55238614240038,0.756157,NA,2.3690476,59.4507912968225,44.5803390773207,1
"Austria",2004,5.50833333333333,33659.802284,2.061206828731,NA,NA,2.08277246616052,2.705743,NA,2.3690476,57.9300641998479,46.9163042656422,1
"Austria",2005,5.63333333333333,34877.638391,2.29913772525071,22.37,NA,2.26750600777435,2.140683,58,2.3690476,58.5583488050481,48.6307793094521,1
"Austria",2006,5.25,37458.631232,1.44154653778853,NA,NA,3.31096755583527,3.350831,NA,2.3690476,59.0823914195902,50.8316258753068,1
"Austria",2007,4.86666666666667,39152.302626,2.16855593888616,21.971,NA,3.82437321784845,3.62151,87,2.3690476,59.9362359117113,52.4851502713453,1
"Austria",2008,4.14166666666667,41058.429268,3.215951117543,NA,NA,4.51785779327882,1.547264,104,2.3690476,60.1730675273341,53.1549284745586,1
"Austria",2009,5.325,40713.40615,0.506309393986598,24.231,NA,2.61366331316076,-3.799075,126,2.3690476,60.4449319889058,44.8958615926937,1
"Austria",2010,4.84166666666667,41918.456493,1.81353173680542,NA,NA,2.86734950076537,1.928673,150,2.3690476,60.3960246789463,51.0036062485681,1
"Austria",2011,4.575,44254.357605,3.28658305428621,23.484,NA,1.63885408221591,2.808,173,2.3690476,60.4891876766856,53.6718626571573,1
"Austria",2012,4.88333333333333,46253.60764,2.4856750867565,NA,NA,1.48967118167059,0.745756,196,2.3690476,60.7628119330701,53.7968041822803,1
"Austria",2013,5.35833333333333,47733.783002,2.000157492716,23.993,NA,1.95046039999109,0.124224,217,2.3690476,60.9201699989558,53.1923388048021,1
"Austria",2014,5.64166666666667,48602.594981,1.60580560487916,NA,NA,2.38940055678208,0.644845,241,NA,60.6940792504219,53.0161619720015,1
"Austria",2015,5.73333333333333,49440.24825,0.896565286860055,NA,NA,1.90940736705673,0.963058,263,NA,60.7226902298744,53.0602062913119,1
"Austria",2016,6.03333333333333,50124.976865,0.891592367302749,NA,NA,1.71836209407166,1.480731,NA,NA,61.2069497611627,52.2384621704147,1
"Belgium",1990,NA,NA,NA,NA,NA,NA,NA,NA,NA,NA,NA,2
"Belgium",1991,6.44166666666667,19661.276087,3.21531063739934,NA,20589.568,NA,1.833074,NA,1.8452381,49.2747872294908,NA,2
"Belgium",1992,7.09166666666667,20333.952081,2.42795636931716,NA,21374.545,NA,1.530655,NA,1.8452381,49.6329177942638,58.1956405828006,2
"Belgium",1993,8.625,20537.786981,2.75442578302316,23.779,21550.373,NA,-0.961873,NA,1.8452381,49.7345873866319,55.5226206194562,2
"Belgium",1994,9.75,21587.500767,2.3775445292621,NA,21461.428,NA,3.226971,NA,1.8452381,50.3309389395304,57.8156733053286,2
"Belgium",1995,9.675,22516.550434,1.46796116504853,23.437,21537.957,NA,2.384757,NA,1.8452381,50.535505782884,59.4874678663239,2
"Belgium",1996,9.54166666666667,22895.913089,2.07702462348191,NA,21381.219,NA,1.593571,NA,1.8452381,50.4081481153261,60.4430819386687,2
"Belgium",1997,9.21666666666667,23913.777099,1.62816049512957,22.733,21283.076,NA,3.710197,NA,1.8452381,50.5235675075199,63.8968177050834,2
"Belgium",1998,9.34166666666667,24539.059373,0.949250288350638,NA,21397.668,NA,1.975512,NA,1.8452381,50.8522393157308,63.3971597935946,2
"Belgium",1999,8.475,25650.845352,1.12084823417845,22.546,21406.76,NA,3.563094,NA,1.8452381,51.9107568619328,63.898602114435,2
"Belgium",2000,6.875,27981.266534,2.54451776190907,NA,21187.799,NA,3.633841,NA,1.8452381,52.1815242577481,71.857548930765,2
"Belgium",2001,6.59166666666667,29040.636683,2.46925823086077,22.135,21196.588,NA,0.811644,NA,1.8928572,51.3439031043814,71.0205125889807,2
"Belgium",2002,7.525,30491.001316,1.6452143617536,NA,21410.447,NA,1.780253,NA,1.8928572,51.7431195112032,70.3146529002236,2
"Belgium",2003,8.175,31064.015935,1.58896399970381,24.067,21356.533,3.52513896891313,0.774498,NA,1.8928572,51.8253345637773,68.5961144506912,2
"Belgium",2004,8.39166666666667,32273.582812,2.0972831123931,NA,21195.617,3.26745080167833,3.634777,NA,1.8928572,52.5455530567843,70.3700231996813,2
"Belgium",2005,8.43333333333333,33347.048427,2.78143263670022,23.826,21103.824,2.09378914682073,2.094485,NA,1.8928572,53.2994171441142,73.5213383801901,2
"Belgium",2006,8.25,35423.258779,1.79120770070458,NA,21042.279,1.89971228034906,2.499135,66,1.8928572,53.1142993985779,75.711285671428,2
"Belgium",2007,7.48333333333333,36871.035699,1.82305630026811,23.445,21310.053,1.96496802449896,3.397493,NA,1.8928572,53.5928121465796,77.4908402062005,2
"Belgium",2008,6.975,38144.097686,4.489444205084,NA,21416.957,-0.997536336457738,0.747284,100,1.8928572,53.6782082958639,79.695875910141,2
"Belgium",2009,7.89166666666667,38070.569916,-0.0531456741253712,26.886,22140.191,-1.08896870355775,-2.285113,118,1.8928572,53.4728382957175,69.309681433335,2
"Belgium",2010,8.30833333333333,40175.850666,2.18929920422456,NA,21810.281,1.75018436176844,2.695145,140,2.0833333,54.0698568573719,76.4484348166672,2
"Belgium",2011,7.16666666666667,41510.739941,3.53208210722746,26.779,21629.799,-1.07279888542688,1.79663,163,2.0833333,53.1986125848806,81.6357430375673,2
"Belgium",2012,7.56666666666667,42639.076623,2.83966343445895,NA,21594.918,-0.0514285084617495,0.137052,189,1.8928572,53.2490733627797,82.3058064516129,2
"Belgium",2013,8.45,43756.734057,1.11309594027539,27.179,21783.131,-0.325130424931408,-0.062349,209,1.8928572,53.5589993634308,81.8063926521005,2
"Belgium",2014,8.53333333333334,45003.752596,0.340002833356936,NA,21709.326,-0.668983212314345,1.646183,231,NA,53.5059784121359,83.2037165946851,2
"Belgium",2015,8.5,45861.427346,0.561429152790133,NA,21588.119,0.432486157512956,1.476059,255,NA,53.30946284457,82.9488088883039,2
"Belgium",2016,7.85833333333333,46700.743373,1.97385264653169,NA,21170.248,-0.387622290496681,1.192979,NA,NA,53.0625761721182,84.4598456871381,2
"Canada",1990,NA,NA,NA,NA,NA,NA,NA,NA,NA,NA,NA,3
"Canada",1991,10.325,20156.741996,5.62586408593003,NA,12312.554,-3.75176376441209,-2.125692,8,0.92063493,66.5778120399567,NA,3
"Canada",1992,11.1916666666667,20553.528794,1.49013290374546,NA,13041.657,-3.63982519485949,0.882976,NA,0.92063493,65.7028675658458,26.1798918743776,3
"Canada",1993,11.4,21365.196777,1.86507936507938,NA,13329.647,-3.86005427431898,2.655236,NA,0.92063493,65.3375940904626,29.132107095277,3
"Canada",1994,10.4166666666667,22551.987107,0.16556291390729,NA,13742.055,-2.40899566551037,4.493475,NA,0.92063493,65.1540621255745,32.7791900515132,3
"Canada",1995,9.50833333333333,23395.473915,2.14876033057854,20.2,13855.901,-0.861725650957048,2.677708,NA,0.92063493,64.8242292654081,36.1050359903157,3
"Canada",1996,9.60833333333334,23954.649762,1.57053112507137,NA,14038.341,0.38747936769606,1.611048,NA,0.92063493,64.6643001807531,37.1091557636143,3
"Canada",1997,9.11666666666667,25156.150049,1.62121638084529,19.153,13987.873,-1.36894644922567,4.279812,NA,0.92063493,64.8672714836945,38.1431836637158,3
"Canada",1998,8.28333333333333,26197.932922,0.995942456658043,NA,13957.3,-1.39836326646741,3.881759,NA,0.92063493,65.119048125295,40.0448097984093,3
"Canada",1999,7.59166666666667,27745.751307,1.73484295105916,18.536,13972.571,0.112223956527984,5.163211,NA,0.92063493,65.5206922941072,41.8771952181081,3
"Canada",2000,6.81666666666667,29265.221478,2.71943995691976,NA,13705.395,2.49578225338912,5.18269,NA,0.92063493,65.756592056323,44.2374680237305,3
"Canada",2001,7.21666666666667,30133.352284,2.52512013979904,19.363,13548.217,2.12506326649966,1.770819,27,0.92063493,65.9072937172273,42.0362032608362,3
"Canada",2002,7.675,30854.823032,2.25839440940854,NA,13405.794,1.66087760390442,3.010016,NA,0.92063493,66.8604610627833,40.0344023970702,3
"Canada",2003,7.575,32224.015719,2.75856321360115,19.524,13217.572,1.13636466114381,1.802273,NA,0.92063493,67.5610040442893,36.8278393844751,3
"Canada",2004,7.19166666666667,33815.119074,1.85725871857259,NA,13238.716,2.269712193693,3.085961,NA,0.92063493,67.4868842772455,37.2879509727474,3
"Canada",2005,6.75833333333333,36212.643556,2.21355203439767,19.529,13355.05,1.82274012924542,3.201382,NA,0.92063493,67.1408833318074,36.7951092003828,3
"Canada",2006,6.33333333333333,38009.872181,2.00202539534158,NA,13649.689,1.3673988188864,2.623413,72,0.92063493,67.0179275786016,35.3293477379479,3
"Canada",2007,6.05,39441.964993,2.13838399266838,19.761,13785.935,0.760979256924179,2.062748,NA,0.92063493,67.4421235832448,34.1531662527359,3
"Canada",2008,6.14166666666667,40277.618235,2.37027067444297,NA,14342.762,0.0766122222903607,1.000361,NA,0.92063493,67.5602533550858,34.3231354394609,3
"Canada",2009,8.35,38791.071038,0.299466803009267,21.555,15190.474,-2.94782100326326,-2.949588,NA,0.92063493,67.0915058938276,28.435750447407,3
"Canada",2010,8.05833333333333,40027.204359,1.7768715409263,NA,15732.952,-3.61356941846081,3.083514,NA,0.92063493,66.9132786408014,29.0719564222074,3
"Canada",2011,7.525,41565.258933,2.9121350887235,20.238,15778.273,-2.77810823228124,3.141219,180,0.92063493,66.7044028401124,30.5646237517811,3
"Canada",2012,7.29166666666667,42145.104092,1.51567823124523,NA,16074.195,-3.60217109342181,1.745472,NA,0.92063493,66.5059103748095,30.2136045046982,3
"Canada",2013,7.08333333333333,44097.565566,0.938291897815235,20.038,16180.089,-3.22207506187017,2.475002,NA,0.92063493,66.4552460776293,30.1633384838833,3
"Canada",2014,6.90833333333333,45082.018338,1.90663590717873,NA,16284.476,-2.4299458856554,2.565299,NA,NA,65.9911595480406,31.5805875296314,3
"Canada",2015,6.90833333333333,44204.963828,1.12524136094277,NA,16536.828,-3.40148534086334,0.941676,NA,NA,65.83844732406,31.5797105316553,3
"Canada",2016,6.99166666666667,44025.181553,1.4287595470108,NA,16792.385,-3.31038382067261,1.467747,NA,NA,65.7047537737139,30.9995738686805,3
"Czech Republic",1990,NA,NA,NA,NA,NA,NA,NA,NA,NA,NA,NA,4
"Czech Republic",1991,NA,11542.529872,NA,NA,5264.96,NA,-11.614942,NA,NA,NA,NA,4
"Czech Republic",1992,NA,11735.459123,11.0865017841762,NA,5213.4658,NA,-0.506542,NA,NA,NA,40.20640569847,4
"Czech Republic",1993,4.30833333333333,12007.218139,20.813026140895,NA,4315.3169,NA,0.061904,NA,3.3055556,61.422410195336,40.286404879494,4
"Czech Republic",1994,4.29166666666667,12612.726827,10.0394242229761,NA,3921.6101,NA,2.909309,NA,3.3055556,61.617901970204,37.4211637750411,4
"Czech Republic",1995,4.00833333333333,13683.995551,9.03142809531744,NA,3596.771,-2.30479656583947,6.221406,NA,3.3055556,61.5079459204118,40.5614781202634,4
"Czech Republic",1996,3.89166666666667,14538.143907,8.76694641704327,NA,3757.7949,-6.15825218572795,4.282799,NA,3.3055556,61.2421987419342,38.4377437766948,4
"Czech Republic",1997,4.775,14680.351194,8.59449192782525,NA,3460.3921,-5.84297379718317,-0.674271,NA,3.3055556,61.0914727493757,40.5736208929351,4
"Czech Republic",1998,6.46666666666667,14864.042399,10.7017927415829,NA,3313.4199,-1.89592441384059,-0.316033,NA,3.3055556,61.026980053936,42.2834171961279,4
"Czech Republic",1999,8.7,15290.737982,2.10328823936012,NA,4194.2231,-2.26839452741949,1.43805,NA,3.3055556,60.9940172984176,43.0185044473249,4
"Czech Republic",2000,8.775,16104.981038,3.8007736943907,NA,5013.9409,-4.41044953312983,4.294136,NA,3.3055556,60.398888168532,48.3296594917876,4
"Czech Republic",2001,8.125,17543.187745,4.67716388707727,16.979,5635.188,-4.88991070988969,3.051521,NA,3.3055556,60.0196703759175,49.1356506218688,4
"Czech Republic",2002,7.29166666666667,18134.824637,1.87805963506898,NA,6305.6899,-5.1031996132506,1.64695,NA,3.3055556,59.8518019020761,45.2424144761489,4
"Czech Republic",2003,7.775,19346.688798,0.113576795387022,17.899,6851.0391,-5.71885693278184,3.601843,NA,3.3055556,59.4240989243826,47.061702585676,4
"Czech Republic",2004,8.29166666666667,20761.345896,2.77511126625361,NA,7203.6328,-3.78761812826609,4.947456,NA,3.3055556,59.1753908591985,57.4301590104851,4
"Czech Republic",2005,7.94166666666667,21860.611518,1.84257450963742,16.995,7585.3252,-2.12974267417191,6.442262,NA,3.3055556,59.3643873336393,62.3147774136794,4
"Czech Republic",2006,7.13333333333333,23687.614048,2.54293813573454,NA,7991.7749,-2.45970389341353,6.876544,74,3.3055556,59.2616233344352,65.2916301101955,4
"Czech Republic",2007,5.325,25997.967083,2.86202130254491,16.469,8007.124,-4.61732036617051,5.529266,93,3.0515873,58.7710340907215,66.5527781975088,4
"Czech Republic",2008,4.40833333333333,27663.990385,6.33941980871081,NA,7529.7798,-1.88204286442297,2.710956,112,3.0515873,58.5053333035175,63.3644771832863,4
"Czech Republic",2009,6.68333333333333,27442.24521,1.03322678956364,19.3,7452.7759,-2.27097554900214,-4.841785,134,3.0515873,58.6774843232222,58.8127166241652,4
"Czech Republic",2010,7.29166666666667,27546.60778,1.46409652736903,NA,7345.2349,-3.57970037212096,2.29509,158,3.0515873,58.4441224522348,66.1767060370275,4
"Czech Republic",2011,6.71666666666667,28795.816027,1.92879414110654,18.91,7206.2412,-2.11176086944295,2.004704,184,3.0515873,58.3279009849672,71.3071567311351,4
"Czech Republic",2012,6.975,29051.390424,3.29373265988478,NA,6976.4521,-1.55876982884706,-0.799844,206,2.9246032,58.6413013953896,76.1700746223071,4
"Czech Republic",2013,6.96666666666667,30496.020039,1.41873278236912,19.116,7057.999,-0.541756429324557,-0.483671,225,2.9246032,59.2754561445418,76.8709518101924,4
"Czech Republic",2014,6.11666666666667,32359.369238,0.353116936031524,NA,7283.0771,0.190110755065317,2.715116,248,NA,59.3100303521054,82.5456924295555,4
"Czech Republic",2015,5.05833333333333,33753.167035,0.331573961293806,NA,7856.8091,0.24072121789016,4.535629,269,NA,59.4242640988731,82.9552442961699,4
"Czech Republic",2016,3.96666666666667,34703.875539,0.66095636339111,NA,8399.0879,1.12335889257008,2.426033,NA,NA,59.9219558226786,80.3418874114248,4
"Denmark",1990,NA,NA,NA,NA,NA,NA,NA,NA,NA,NA,NA,5
"Denmark",1991,7.85,19034.534797,2.39515333677735,NA,NA,NA,1.393656,9,2.1825397,67.8274843222766,NA,5
"Denmark",1992,8.6,19784.179885,2.0960418291061,NA,NA,NA,1.957012,NA,2.1825397,68.104551235585,36.9543690561573,5
"Denmark",1993,9.55,20186.787086,1.25786163522011,20.625,NA,NA,0.010659,NA,2.1825397,67.3709260732013,36.566228596416,5
"Denmark",1994,7.7,21644.835114,1.99201419698313,NA,NA,NA,5.332449,13,2.1825397,64.3754034281436,36.851923816504,5
"Denmark",1995,6.71666666666667,22660.802996,2.08360520248815,20.806,NA,NA,3.027634,15,2.1349206,64.6052714113274,36.6660138178822,5
"Denmark",1996,6.33333333333333,23717.074135,2.12629964206578,NA,NA,NA,2.900068,NA,2.1349206,65.1955577740317,37.1188503194782,5
"Denmark",1997,5.24166666666667,24908.362906,2.18216714649311,20.047,NA,NA,3.26088,NA,2.1349206,65.4407529130808,37.8117122941658,5
"Denmark",1998,4.86666666666667,25793.330938,1.84565128623929,NA,NA,NA,2.218162,NA,2.1349206,65.1787417980053,37.2337662775677,5
"Denmark",1999,5.16666666666667,26657.832804,2.49779488413117,20.602,NA,NA,2.948007,NA,2.1349206,65.8005549662405,39.3935342213301,5
"Denmark",2000,4.325,28648.733142,2.9032770873677,NA,NA,NA,3.7469,NA,2.1349206,65.5384039658576,44.8894877731153,5
"Denmark",2001,4.525,29527.04208,2.33787483702739,19.948,NA,NA,0.823149,NA,2.1349206,65.940643733735,45.5953441640917,5
"Denmark",2002,4.58333333333333,30639.953104,2.42443661219695,NA,NA,NA,0.466345,NA,2.1349206,65.5190710611776,45.7441867555952,5
"Denmark",2003,5.40833333333333,30787.695078,2.07507820646506,20.993,NA,NA,0.390074,33,2.1349206,65.5058040820525,43.8774011641544,5
"Denmark",2004,5.5,32941.229362,1.15435693124937,NA,NA,NA,2.668193,44,2.1349206,66.0309373128491,43.9656414570774,5
"Denmark",2005,4.84166666666667,34152.878002,1.81781458291256,20.85,NA,4.19755195751576,2.336664,NA,2.1349206,65.6487595818516,47.4521180541544,5
"Denmark",2006,3.90833333333333,37318.985346,1.92422138464586,NA,NA,3.33101358939067,3.91298,NA,2.1349206,65.9327007791925,50.7300298408094,5
"Denmark",2007,3.75,38963.461096,1.69326586220323,21.828,NA,1.43548352739811,0.909253,89,2.1349206,65.7132193140493,51.482564575911,5
"Denmark",2008,3.46666666666667,41282.997487,3.4162679425837,NA,NA,2.91219081225115,-0.512025,108,2.1349206,65.997131716389,54.1758119757753,5
"Denmark",2009,5.99166666666667,40381.641251,1.30470991024337,25.331,NA,3.46559093891163,-4.906526,124,2.1349206,65.334808254921,47.1260516693445,5
"Denmark",2010,7.475,43088.058823,2.31092436974791,NA,NA,6.55308832521892,1.870993,146,2.1349206,64.3650642283542,50.5229368842239,5
"Denmark",2011,7.56666666666667,44407.951375,2.75868226051244,25.15,NA,6.58620396503854,1.336775,171,2.1984127,63.9342973335483,53.820117886958,5
"Denmark",2012,7.53333333333333,44808.543206,2.39791485664642,NA,NA,6.27794025180613,0.226468,194,2.1984127,63.1581687373286,54.6304964321937,5
"Denmark",2013,7,46742.938839,0.789071780078051,25.413,NA,7.75684697106051,0.933349,216,2.1984127,62.3558729062054,54.8288133195348,5
"Denmark",2014,6.53333333333333,47809.596748,0.564020540449527,NA,NA,8.8925926973468,1.675934,239,NA,62.1892180457566,54.5178542980041,5
"Denmark",2015,6.16666666666667,48993.575911,0.452034153691607,NA,NA,9.15605646921512,1.606086,262,NA,62.2181945281446,55.2270134093276,5
"Denmark",2016,6.19166666666667,49714.339855,0.250000000000028,NA,NA,8.17214195320897,1.287563,NA,NA,63.5077103430202,53.0990339992663,5
"Estonia",1990,NA,NA,NA,NA,NA,NA,NA,NA,NA,NA,NA,6
"Estonia",1991,NA,NA,NA,NA,NA,NA,NA,NA,NA,72.2007067977774,NA,6
"Estonia",1992,NA,NA,NA,NA,NA,NA,NA,NA,NA,69.7255945268316,NA,6
"Estonia",1993,NA,5569.245151,NA,NA,NA,NA,NA,NA,NA,67.516803863774,NA,6
"Estonia",1994,NA,5724.264999,NA,NA,NA,NA,-1.642424,NA,NA,67.1929044190002,NA,6
"Estonia",1995,NA,6230.080346,NA,NA,NA,-4.21487578176507,4.526682,NA,NA,65.4511007806956,67.8496884399518,6
"Estonia",1996,NA,6779.83893,NA,NA,NA,-8.36889785458939,5.323845,NA,NA,64.7306817467805,61.7945389722772,6
"Estonia",1997,9.625,7800.553373,NA,NA,NA,-11.0697494999169,11.798619,NA,NA,65.1136774847912,71.6074053647034,6
"Estonia",1998,9.15,8315.435057,8.74475061724624,NA,2536.8931,-8.57015637343202,4.117258,NA,NA,64.2552423988871,74.3811771304456,6
"Estonia",1999,11.35,8435.213415,3.29611089718905,NA,2790.842,-4.30831017200261,-0.856448,NA,NA,63.3639353056754,70.2322712544099,6
"Estonia",2000,14.4583333333333,9385.03287,4.01848952508761,NA,3005.0161,-5.3070562564017,10.568075,20,NA,64.0147330118914,61.6361238077949,6
"Estonia",2001,13.0416666666667,10292.426495,5.74827981651376,NA,3247.5979,-7.06774039549571,6.328711,NA,NA,63.430194320977,61.3459162142177,6
"Estonia",2002,11.3333333333333,11555.845531,3.57191270164023,NA,3625.5491,-11.1399795848258,6.076395,NA,NA,62.3623438307876,58.3192386281315,6
"Estonia",2003,10.35,13021.356228,1.33499116549963,NA,4177.3032,-12.9042744792139,7.416163,NA,NA,63.3059984469885,57.395627832979,6
"Estonia",2004,10.0833333333333,14390.005043,3.0481110752341,NA,4654.293,-12.0788849778137,6.294746,NA,NA,63.2696778603499,61.5182283428432,6
"Estonia",2005,7.975,16466.022729,4.07971423199851,NA,4850.5249,-8.67620383054109,9.373711,NA,NA,63.3648597078325,65.9058939990884,6
"Estonia",2006,5.94166666666667,19213.574271,4.43762042389208,NA,5179.6499,-14.9339519637527,10.271884,NA,NA,65.8585420603284,63.4885392231032,6
"Estonia",2007,4.6,21919.373693,6.60132603055637,NA,5830.6699,-15.0893940617435,7.748192,92,NA,66.0155212134257,63.1956987780916,6
"Estonia",2008,5.51666666666667,22641.840129,10.3623580313683,NA,6383.8848,-8.6713755061909,-5.419456,111,2.7420635,66.9141208425614,66.7977432058297,6
"Estonia",2009,13.575,20505.132969,-0.0784083112809885,16.228,6388.894,2.55685182097439,-14.724404,133,2.7420635,66.6294452086374,60.8047113869508,6
"Estonia",2010,16.7416666666667,21593.833533,2.97204512015693,NA,6204.4941,1.80944555540431,2.259076,157,1.8095238,66.5166024828472,75.0782302117066,6
"Estonia",2011,12.425,24501.344422,4.98190131453613,13.664,5910.0601,1.30850108585536,7.5973,183,1.8095238,67.6800595196882,86.5397252728219,6
"Estonia",2012,9.99166666666667,25973.316907,3.93339987296976,NA,5932.1382,-1.92489752483817,4.307259,204,1.8095238,67.9859952555502,85.9894385872615,6
"Estonia",2013,8.56666666666667,27388.736215,2.78056658954996,13.391,6368.1611,-0.343013577418701,1.415214,224,1.8095238,68.2567139486991,84.4650644828435,6
"Estonia",2014,7.38333333333333,28516.056113,-0.106175146521696,NA,7072.6411,0.905749333591966,2.822907,249,NA,68.3152951074241,83.056925793124,6
"Estonia",2015,6.20833333333333,28993.218183,-0.492326006547315,NA,7807.5259,2.21275913194996,1.444216,268,NA,69.7050503989957,79.2856910248626,6
"Estonia",2016,6.76666666666667,29377.71215,0.157230017261081,NA,8594.9775,2.03242191750628,1.570294,NA,NA,70.6648438675307,79.5936576645319,6
"Finland",1990,NA,NA,NA,NA,NA,NA,NA,NA,NA,NA,NA,7
"Finland",1991,6.60833333333333,17547.30468,4.31021551077553,NA,NA,NA,-5.914426,NA,2.7857141,68.2434228009567,NA,7
"Finland",1992,11.7083333333333,17253.236523,2.91932313887161,NA,NA,NA,-3.324629,NA,2.4523809,66.7635402906209,25.5232640362042,7
"Finland",1993,16.3416666666667,17449.55269,2.19065362521346,NA,NA,NA,-0.734493,NA,2.4523809,65.8953457796476,31.3663292438308,7
"Finland",1994,16.5833333333333,18443.191744,1.08855836283254,NA,NA,NA,3.939261,NA,2.4523809,65.0640188136922,34.0285122510136,7
"Finland",1995,15.4,19545.066674,0.791236215713251,22.229,NA,4.15948239523802,4.207131,NA,2.4523809,65.372589890568,35.7624091886846,7
"Finland",1996,14.5666666666667,20058.580413,0.629198126572972,NA,NA,3.86439033139548,3.658833,NA,2.4523809,65.472481827622,36.3276504017245,7
"Finland",1997,12.6416666666667,21763.606728,1.19255646009493,20.602,NA,5.12756636058555,6.251808,NA,2.3095238,64.9145520455722,37.8009355415485,7
"Finland",1998,11.3583333333333,23534.600252,1.39947131083817,NA,NA,5.11696588240037,5.428513,NA,2.3095238,65.291387313048,37.4673954577927,7
"Finland",1999,10.2166666666667,24768.529997,1.16223698334931,18.73,NA,5.16241423658335,4.444134,NA,2.3095238,66.2811616551015,37.6023258195914,7
"Finland",2000,9.78333333333333,26732.358226,3.04209645754528,NA,NA,7.53918971656119,5.634847,NA,2.3095238,66.9059215585747,42.0868773897153,7
"Finland",2001,9.125,27834.378038,2.57844076836537,18.05,NA,8.0594813529108,2.580792,NA,2.3095238,67.1783064722436,39.7128159682076,7
"Finland",2002,9.075,28567.171807,1.57122082395661,NA,NA,8.22249499143476,1.680325,NA,2.1666667,67.0921623691601,39.0858391384391,7
"Finland",2003,9.00833333333333,28983.254206,0.877438551306574,19.193,NA,4.64415591718963,1.993984,32,2.1666667,66.760061130922,37.2661955940859,7
"Finland",2004,8.825,31139.971432,0.187123374563893,NA,NA,5.76413907909174,3.926057,NA,2.1666667,66.4635694338665,38.5891959085546,7
"Finland",2005,8.4,31993.376199,0.623871195822717,19.374,NA,3.04701746087107,2.779955,55,2.1666667,66.8354430379747,40.2556163200253,7
"Finland",2006,7.71666666666667,34382.596244,1.56666666666667,NA,NA,3.80019345091644,4.055197,68,2.1666667,67.3984355286399,43.1708899625755,7
"Finland",2007,6.86666666666667,37688.50318,2.51066622907777,18.731,NA,3.84649920815526,5.184801,85,2.1666667,67.6965586536046,43.9968057282511,7
"Finland",2008,6.36666666666667,39969.392258,4.06595165679525,NA,NA,2.24662633041299,0.720668,103,2.1666667,68.0649188514357,45.0779769863353,7
"Finland",2009,8.24166666666667,37868.502235,-1.22216956987092e-14,22.464,NA,1.91217501351458,-8.269037,121,2.1666667,66.6418095948297,36.2709842069503,7
"Finland",2010,8.38333333333333,38811.954607,1.18413495592236,NA,NA,1.22832249780865,2.992338,145,2.1666667,66.5512978986403,38.6777124532336,7
"Finland",2011,7.775,40683.337419,3.41680903370973,22.355,NA,-1.76711579527161,2.570818,169,2.1666667,66.609167077378,39.1595426400297,7
"Finland",2012,7.68333333333333,40619.937023,2.80833232604055,NA,NA,-1.93203470762498,-1.426189,193,2.1666667,66.4620672722809,39.4813632109233,7
"Finland",2013,8.19166666666667,41293.293616,1.4782881329362,24.089,NA,-1.59645733873896,-0.758036,213,2.1666667,65.4843444227006,38.8141911497113,7
"Finland",2014,8.65833333333333,41504.247358,1.04120000617923,NA,NA,-1.25842223490382,-0.631728,235,NA,65.8363858363858,37.2222276297731,7
"Finland",2015,9.375,42267.744644,-0.207932040461464,NA,NA,-0.594784502435606,0.268556,NA,NA,66.0409556313993,36.8410250535771,7
"Finland",2016,8.79166666666667,43056.634265,0.356684500891694,NA,NA,-1.0614801432342,1.3873,NA,NA,65.778900378758,35.3528417000682,7
"France",1990,NA,NA,NA,NA,NA,NA,NA,NA,NA,NA,NA,8
"France",1991,9.625,18414.981164,3.21340732409684,NA,16677.248,NA,1.039105,NA,2.34127,54.5558642002607,NA,8
"France",1992,10.6416666666667,19041.367974,2.36376046269352,NA,16931.695,NA,1.599671,NA,2.34127,54.6722180207313,21.1492196358154,8
"France",1993,11.825,19291.333091,2.10446277124644,NA,17009.301,NA,-0.612653,NA,2.34127,54.6650874382323,20.6101685469573,8
"France",1994,12.275,20089.138361,1.65551532926996,NA,17098.813,NA,2.345386,NA,2.34127,54.5290116232615,21.4618850334431,8
"France",1995,11.95,20860.095835,1.79648142095597,NA,17313.648,NA,2.085085,NA,2.34127,54.5018736664368,22.4059097102208,8
"France",1996,12.4,21460.808531,1.98288365089732,NA,17585.895,NA,1.388004,NA,2.34127,54.8242808421658,22.8224313912387,8
"France",1997,12.3333333333333,22360.079925,1.20394294026968,NA,17882.268,NA,2.337333,NA,2.34127,54.4395554418534,25.2426833387319,8
"France",1998,12.05,23469.388305,0.651126867833024,NA,18294.006,NA,3.556201,NA,2.34127,54.5201077361075,25.7957897401779,8
"France",1999,11.3166666666667,24447.776141,0.537141639134603,NA,18496.039,3.40917347620057,3.407099,NA,2.34127,54.6491830313442,25.7198938472147,8
"France",2000,9.55833333333334,26210.07399,1.6759598872093,NA,16695.805,1.19594755000328,3.875162,NA,2.34127,54.765177000887,28.1734433984177,8
"France",2001,8.74166666666667,27698.123341,1.634780795496,27.144,17026.059,1.50878217940001,1.954449,NA,2.34127,54.7410376306872,27.7941822923174,8
"France",2002,8.63333333333333,28658.522754,1.9234122872706,NA,17241.148,1.17677008717814,1.118457,NA,2.34127,54.8898021183708,27.0397720822025,8
"France",2003,8.5,28276.147161,2.09847219146922,28.236,17537.182,0.865224666855686,0.819532,NA,2.4682541,56.3396445082736,25.6108628235084,8
"France",2004,8.85,29189.877689,2.14208964640241,NA,18124.619,0.443943934185937,2.786424,37,2.4682541,56.3218979959032,25.9090111997007,8
"France",2005,8.86666666666666,30625.932308,1.74586936380482,29.329,18824.662,-0.0175217908375811,1.607714,51,2.4682541,56.2385046496989,26.3688375363577,8
"France",2006,8.84166666666666,32567.626227,1.67512449608725,NA,19295.826,0.0369288688655497,2.374947,NA,2.4682541,56.1487340276999,27.1758467614219,8
"France",2007,7.99166666666667,34176.901743,1.48799805953857,28.27,19491.205,-0.292845958425157,2.361499,80,2.4682541,56.2745110230337,27.1283927901443,8
"France",2008,7.425,35184.233632,2.81286194914789,NA,19529.021,-0.956151605071292,0.195295,99,2.4682541,56.3644706034958,27.3862264198211,8
"France",2009,9.10833333333334,34795.158221,0.0876204781574688,30.787,19870.871,-0.832008769595248,-2.941341,117,2.3849206,56.5808527192054,24.0716301094833,8
"France",2010,9.26666666666666,36056.659937,1.53112270420926,NA,19738.678,-0.83921390307958,1.965657,141,2.3849206,56.5123851598989,26.0432298330582,8
"France",2011,9.18333333333334,37485.25235,2.11159795174999,30.508,19714.971,-0.991249547419396,2.079229,164,2.3849206,56.2623240504127,27.8034986917783,8
"France",2012,9.76666666666667,37671.028181,1.95419531613503,NA,19968.049,-1.22050315697398,0.182693,190,2.3849206,56.474356421062,28.5218136314173,8
"France",2013,10.3,39515.13827,0.863715497861823,31.211,20052.246,-0.872839210876735,0.576242,210,2.3849206,56.4483924483234,28.6080739163487,8
"France",2014,10.3083333333333,40246.864684,0.507758822937963,NA,20162.414,-1.06325188455808,0.947586,232,NA,56.299804369669,28.8441238605351,8
"France",2015,10.375,41199.219769,0.0375143805125534,NA,20324.137,-0.196139219451548,1.067462,257,NA,56.1454461710741,29.8472867408031,8
"France",2016,10.0583333333333,41489.897831,0.183334861123878,NA,20413.598,-0.91511736800603,1.18765,NA,NA,56.0360896247755,29.4306453935807,8
"Germany",1990,NA,NA,NA,NA,NA,NA,NA,NA,NA,NA,NA,9
"Germany",1991,5.525,20950.945103,4.04703400991224,NA,NA,-1.36608658602464,5.108262,NA,2.5833333,59.0798489304214,NA,9
"Germany",1992,6.56666666666666,21697.793643,5.05698005698006,NA,NA,-1.14823777621241,1.923807,NA,2.5833333,58.4448259531139,22.2637024278602,9
"Germany",1993,7.79166666666667,21880.41229,4.47457627118648,24.654,NA,-1.05198562211689,-0.956165,NA,2.5833333,58.0320990552198,20.3544079380058,9
"Germany",1994,8.45,22838.471174,2.69305645684618,NA,NA,-1.51393410983042,2.457372,NA,2.6785715,57.7030976037405,21.1350113916374,9
"Germany",1995,8.25,23672.966984,1.70616113744077,24.967,NA,-1.29657586865402,1.737641,NA,2.6785715,57.3693105658838,22.0064459049545,9
"Germany",1996,8.94166666666667,24243.649993,1.44972558765661,NA,NA,-0.713999678415145,0.817898,NA,2.6785715,57.3970336400314,22.9086029320154,9
"Germany",1997,9.675,24785.899378,1.93936919465146,25.24,NA,-0.501904884301074,1.849201,NA,2.6785715,57.5347613679068,25.3919749477655,9
"Germany",1998,9.45,25554.023599,0.911184539901865,NA,NA,-0.697162329396937,1.979618,NA,2.6785715,57.8557718672882,26.4533774644119,9
"Germany",1999,8.625,26579.739076,0.585433617781294,25.391,NA,-1.41791541724217,1.987135,NA,2.6785715,57.8433949589649,27.0412324202859,9
"Germany",2000,8.00833333333333,27529.780429,1.44026832396174,NA,NA,-1.74758791525795,2.962045,NA,2.6785715,57.5532131729901,30.8295377230118,9
"Germany",2001,7.85833333333333,28832.881133,1.98385685111348,25.758,NA,-0.365479400368922,1.695471,NA,2.6785715,57.5438596491228,31.8706791751726,9
"Germany",2002,8.68333333333333,29654.218685,1.42080671307334,NA,NA,1.88065824869443,0,NA,2.6785715,57.2193594018389,32.5740396235895,9
"Germany",2003,9.80833333333333,30350.480898,1.03422339225273,26.847,NA,1.40629448090281,-0.709906,NA,2.6785715,56.919330903223,32.591483189795,9
"Germany",2004,10.5,31848.802721,1.66573608784662,NA,NA,4.47153629972044,1.16997,42,2.6785715,57.1348901059616,35.4484237785274,9
"Germany",2005,11.2833333333333,32413.540064,1.54691075514873,26.2,NA,4.60439176777878,0.706714,59,2.6785715,58.4773656687708,37.7404535695349,9
"Germany",2006,10.275,34769.442587,1.57742924103119,NA,NA,5.67226173833023,3.70016,71,2.6785715,59.0240366163949,41.1903478533375,9
"Germany",2007,8.54166666666667,37009.825793,2.2983405803532,23.883,NA,6.74352354324178,3.260535,90,2.6785715,59.2029201641882,43.0099115480875,9
"Germany",2008,7.425,38662.606129,2.62838306731438,NA,NA,5.59499586067765,1.082315,110,2.6785715,59.2985792753027,43.4598749287594,9
"Germany",2009,7.64166666666667,37734.236963,0.312737722931293,26.224,NA,5.73743380721186,-5.61886,130,2.6785715,59.4595747706748,37.8022013754532,9
"Germany",2010,6.96666666666667,39993.301883,1.10380856083584,NA,NA,5.62614633896,4.079933,154,2.6785715,59.519943019943,42.2503740223096,9
"Germany",2011,5.83333333333333,42692.50173,2.07517293107761,24.398,NA,6.09729861541612,3.66,178,2.6785715,60.1160620552899,44.8181730740774,9
"Germany",2012,5.38333333333333,43564.07389,2.00849118223381,NA,NA,7.01701059632586,0.491993,200,2.6785715,60.0540556249818,45.982539717068,9
"Germany",2013,5.24166666666667,45231.971754,1.50472226668802,24.612,NA,6.69691146845567,0.489584,221,2.6785715,60.3447527245886,45.4577105978261,9
"Germany",2014,4.99166666666667,47057.85042,0.90679703516797,NA,NA,7.44385972944332,1.595338,244,NA,60.4075754302585,45.6520162931397,9
"Germany",2015,4.63333333333333,47998.620842,0.234429944518241,NA,20948.197,8.57747913537992,1.720734,265,NA,60.169133723356,46.781180551434,9
"Germany",2016,4.125,48839.315358,0.483355422156398,NA,20847.443,8.35562009507164,1.867258,NA,NA,60.9324959613254,45.9909000118057,9
"Greece",1990,NA,NA,NA,NA,NA,NA,NA,NA,NA,NA,NA,10
"Greece",1991,NA,13944.36199,19.4558469181926,NA,12323.988,NA,3.1,6,2.8015873,48.2548452592951,NA,10
"Greece",1992,NA,14257.705052,15.8770676259465,NA,11844.684,NA,0.7,NA,2.8015873,48.613583960654,14.8788393387365,10
"Greece",1993,NA,14284.615004,14.411267733412,NA,11581.477,NA,-1.6,NA,2.8015873,48.8795730456355,14.0477673647043,10
"Greece",1994,NA,14813.178974,10.8740794338332,NA,11766.672,NA,2,NA,2.8015873,49.0839720743458,14.4456091463048,10
"Greece",1995,NA,15398.581853,8.93451397844179,NA,11820.161,NA,2.09972,NA,2.8015873,49.2040675554846,14.4252834909638,10
"Greece",1996,NA,16130.04945,8.19454859355107,NA,11776.539,NA,2.862129,NA,2.8015873,49.6615931721002,14.2869572693077,10
"Greece",1997,NA,17142.081985,5.53600312501777,NA,12059.593,NA,4.484199,NA,2.8015873,48.8536493737926,16.2222652425479,10
"Greece",1998,NA,18015.079539,4.76622558738952,NA,12135.014,NA,3.894905,NA,2.8015873,50.9828147003142,16.2965833756753,10
"Greece",1999,11.9833333333333,18464.726453,2.63663844142427,NA,12243.383,NA,3.072597,NA,2.8015873,50.6974971415091,19.2560788540331,10
"Greece",2000,11.2333333333333,19503.905892,3.15117752373243,NA,12368.68,NA,3.919771,NA,2.8015873,52.1721477164724,23.7183809141659,10
"Greece",2001,10.675,21011.642771,3.37396640937212,NA,12363.485,NA,4.131612,NA,2.8015873,51.4472910506679,22.788744320873,10
"Greece",2002,10.3333333333333,22615.957435,3.62936293754471,NA,12566.096,-6.83038529268876,3.922872,NA,2.8015873,51.7769012734196,20.1128544460134,10
"Greece",2003,9.74166666666667,23868.663191,3.53065078930158,NA,12759.384,-8.45085836402641,5.794531,NA,2.8015873,52.2584239255498,18.5445830443658,10
"Greece",2004,10.6083333333333,25455.197247,2.89884796952735,NA,13035.182,-7.71026327082189,5.061079,NA,2.8015873,52.8730834832339,20.7081145744875,10
"Greece",2005,10.0083333333333,25577.445437,3.5450730501113,NA,13288.276,-8.87060575991464,0.599142,50,2.8015873,52.9013838796409,21.3122304275532,10
"Greece",2006,9.03333333333333,28535.859054,3.19594596980672,NA,13672.275,-11.4861929104867,5.652434,65,2.8015873,53.0792437110415,21.1740087896788,10
"Greece",2007,8.41666666666666,29280.365435,2.89500102047302,NA,14000.953,-15.1877186296866,3.273747,79,2.8015873,52.9347291510651,22.5202697630197,10
"Greece",2008,7.76666666666667,30855.935774,4.1527963595847,NA,14276.618,-15.1125836099135,-0.335173,98,2.8015873,52.9755475653523,23.3615691198983,10
"Greece",2009,9.625,30396.41535,1.21007395627551,23.548,14914.342,-12.3460126121717,-4.300734,NA,2.8015873,53.4475902976913,18.9821866963597,10
"Greece",2010,12.75,28202.722822,4.71298157635244,NA,14494.549,-11.3838142077917,-5.478634,139,2.8015873,53.5045629783994,22.1022051218367,10
"Greece",2011,17.9166666666667,26141.091034,3.3298701736344,23.875,14140.007,-10.0029524697895,-9.132494,NA,2.1666667,52.6645545361812,25.5354159285239,10
"Greece",2012,24.4916666666667,25284.405782,1.50151979453,NA,11309.243,-3.82994263626111,-7.300495,NA,2.1666667,52.3294310004846,28.6839940157939,10
"Greece",2013,27.4916666666667,26097.797516,-0.922165040536271,NA,11052.496,-2.04036132767601,-3.241425,NA,2.1190476,52.0277712104029,30.3534285061372,10
"Greece",2014,26.55,26430.669452,-1.31120862499427,NA,11199.34,-1.63931125788972,0.352848,230,NA,51.8270748500484,32.5038049709655,10
"Greece",2015,24.9583333333333,26357.758107,-1.73604592006394,NA,11397.206,0.117133186225808,-0.219146,254,NA,51.9940975799966,31.9150025494538,10
"Greece",2016,23.5666666666667,26691.120063,-0.825657592061916,NA,11492.088,-0.627558961892827,0.011754,NA,NA,52.1501024907738,30.1536057391187,10
"Hungary",1990,NA,NA,NA,NA,NA,NA,NA,3,NA,NA,NA,11
"Hungary",1991,NA,8304.966841,34.8175426849682,NA,4966.2778,NA,NA,NA,2.0039682,NA,NA,11
"Hungary",1992,NA,8251.548922,23.6557171995852,NA,4795.4819,NA,-3.06418,NA,2.0039682,58.3036794435864,27.6641543100739,11
"Hungary",1993,NA,8423.683887,22.4642409033877,NA,4364.5088,NA,-0.576109,NA,2.0039682,55.6598020340528,23.2333057666215,11
"Hungary",1994,NA,8884.976359,18.8680791770829,NA,4272.2412,NA,2.947155,NA,2.0039682,53.6520601548627,25.4462309675026,11
"Hungary",1995,NA,9144.820641,28.3054645750733,NA,3824.5229,-3.1939920076583,1.489525,NA,2.0039682,52.3709047477711,39.2586911547095,11
"Hungary",1996,9.91666666666667,9316.662902,23.4690313045815,NA,3719.2339,-3.61856319779818,0.005584,NA,2.0039682,51.8481050007002,41.9551632075798,11
"Hungary",1997,9.05,9792.323231,18.3050773683867,NA,3735.167,-3.99245665532507,3.305862,NA,2.0039682,51.2179482218272,47.9871626140752,11
"Hungary",1998,8.70833333333333,10377.738984,14.1537895511405,NA,3753.231,-7.07419655560343,4.218935,NA,2.0039682,51.4015650244467,52.9663924891672,11
"Hungary",1999,6.86666666666667,10873.545923,9.99774390047376,NA,3937.0359,-7.9194793616128,3.204949,NA,2.0039682,52.5781609628479,55.6265861478888,11
"Hungary",2000,6.26666666666667,11843.461983,9.80360785079527,NA,4063.5959,-8.431721815144,4.202334,NA,2.0039682,52.9584156613582,66.8203226791275,11
"Hungary",2001,5.575,13230.654543,9.11680911680912,NA,5841.6919,-5.86158982758323,3.774101,25,2.0039682,52.7816373275489,64.8850432822511,11
"Hungary",2002,5.58333333333333,14516.153705,5.26544821583985,NA,6936.8589,-6.2576562239265,4.503064,NA,2.0039682,52.9424642965998,58.1054549829476,11
"Hungary",2003,5.74166666666667,15417.622902,4.66101694915255,NA,6627.9302,-8.00378954778983,3.827747,NA,2.0039682,53.795400528624,56.4322095503002,11
"Hungary",2004,6.06666666666667,16198.916784,6.74434679569466,NA,6581.7119,-8.55951662687992,5.005389,NA,2.0039682,53.7908613170649,59.7487160875643,11
"Hungary",2005,7.175,17014.326734,3.56151711378355,NA,6835.0151,-6.99980462088453,4.382894,53,2.0039682,54.4596382096294,62.797384801842,11
"Hungary",2006,7.45833333333333,18230.035197,3.93032603841,NA,7211.1138,-7.05775592329331,3.855746,NA,2.0039682,55.0343394950486,74.3006361688405,11
"Hungary",2007,7.39166666666667,18933.88842,7.95874516544906,NA,7000.125,-7.10301446109182,0.448348,NA,2.0039682,54.7038283683109,78.3093952437327,11
"Hungary",2008,7.8,20586.089205,6.04251253881061,NA,6953.981,-7.00678815658434,0.889205,NA,2.0039682,54.2886867685832,79.6460886999006,11
"Hungary",2009,10.0333333333333,20573.375863,4.21171171171169,19.999,6914.71,-0.810414864554206,-6.563634,122,2.0039682,54.2689279225185,74.7702967881402,11
"Hungary",2010,11.1666666666667,21466.5743,4.85555795691957,NA,6778.9722,0.30014332373328,0.677098,149,2.0039682,54.835762842381,82.2484650685412,11
"Hungary",2011,11.0583333333333,22729.184467,3.92992098935074,20.277,6921.9839,0.758373743990153,1.739423,174,2.0039682,55.2357057740097,87.1725795339542,11
"Hungary",2012,11.0166666666667,22997.744927,5.65214517088647,NA,7811.6089,1.74311470547337,-1.602512,197,2.0039682,56.3208004608835,86.7688399770025,11
"Hungary",2013,10.1166666666667,24366.365906,1.73319984983104,19.172,8091.3501,3.77365034948097,2.117147,219,1.5873016,56.9504313037225,85.9997173996291,11
"Hungary",2014,7.74166666666667,25494.305762,-0.227566270988374,NA,8399.4414,2.04019858237281,4.047321,236,NA,58.6851178008006,88.6552740438099,11
"Hungary",2015,6.83333333333333,26446.234855,-0.0616446800641041,NA,8694.4355,3.26055807166131,3.148084,260,NA,59.9413656353136,90.7267040583415,11
"Hungary",2016,5.1,26689.048371,0.394769306686428,NA,9155.1201,4.86801639055466,1.954369,NA,NA,61.0888514610084,92.5076100316868,11
"Ireland",1990,NA,NA,NA,NA,NA,NA,NA,NA,NA,NA,NA,12
"Ireland",1991,14.7583333333333,14416.202258,3.21081537811574,NA,NA,NA,1.92964,7,1.4365079,52.2204968944099,NA,12
"Ireland",1992,15.3916666666667,15113.484254,3.06999590667209,NA,NA,NA,3.343274,NA,1.4365079,53.3373318481707,58.3477511368477,12
"Ireland",1993,15.6416666666667,15805.230565,1.46942017474191,NA,NA,NA,2.692609,NA,1.4365079,53.8542811258558,63.3043531300078,12
"Ireland",1994,14.3416666666667,17013.544304,2.30919765166338,NA,NA,NA,5.755827,NA,1.4365079,53.0779110228342,67.8928779253371,12
"Ireland",1995,12.2916666666667,18961.032695,2.52486610558531,16.458,NA,NA,9.634422,NA,1.4365079,53.7103566064961,73.4473323077844,12
"Ireland",1996,11.6666666666667,20540.524707,1.75373134328355,NA,NA,NA,9.091811,NA,1.4365079,54.4459420674221,74.8337802677288,12
"Ireland",1997,9.875,22691.102228,1.52560487120497,14.669,NA,NA,10.748131,NA,1.4365079,54.8892186095616,77.1619295423364,12
"Ireland",1998,7.55,25032.289152,2.41551787239233,NA,NA,NA,8.227908,NA,1.4365079,56.8912091678236,84.487894531759,12
"Ireland",1999,5.65,27020.012211,1.63192376414532,13.153,NA,NA,10.862972,NA,1.4365079,58.6366603086565,86.7178279304938,12
"Ireland",2000,4.25833333333333,30162.606301,5.59071729957808,NA,15464.083,NA,9.912385,NA,1.4365079,59.551433542272,94.488441742865,12
"Ireland",2001,3.93333333333333,32636.512482,4.87290487290485,12.979,15252.019,NA,6.051908,NA,1.4365079,59.7712174880319,95.3370022228852,12
"Ireland",2002,4.45833333333333,35210.697481,4.614733276884,NA,15307.836,NA,5.576969,NA,1.4365079,59.8325681752705,90.4802405428138,12
"Ireland",2003,4.58333333333333,36231.531543,3.49048968029139,14.256,15472.534,NA,3.673113,NA,1.4365079,59.923796754841,80.8512342067938,12
"Ireland",2004,4.50833333333333,38724.604405,2.19962850718546,NA,16572.697,NA,6.7249,NA,1.4365079,60.5150747730779,80.5365239043053,12
"Ireland",2005,4.4,40443.918942,2.42969198392958,14.369,17298.639,NA,5.766123,NA,1.4365079,62.0924574125072,79.5703530877309,12
"Ireland",2006,4.50833333333333,44285.482799,3.93163989540528,NA,17132.443,NA,5.866128,NA,1.2698413,63.201231492349,78.9736237396232,12
"Ireland",2007,4.68333333333333,46749.835337,4.89711564381348,15.231,18100.918,NA,3.796633,81,1.2698413,64.1472751096137,80.745002051006,12
"Ireland",2008,6.4,44200.513352,4.06030495117357,NA,17747.406,NA,-4.373482,NA,1.2698413,63.7286712133384,84.1508450069216,12
"Ireland",2009,12.0333333333333,41532.705146,-4.47810339150478,21.608,18580.139,NA,-4.565119,NA,1.2698413,62.4649305620471,93.454446983828,12
"Ireland",2010,13.9,43225.069116,-0.922095829024488,NA,18755.832,NA,2.03355,143,1.2698413,61.1083317688895,103.392991909973,12
"Ireland",2011,14.6583333333333,45473.426212,2.55718883186918,20.539,18284.299,NA,-0.040565,165,1.2698413,60.5401354580609,102.445751640331,12
"Ireland",2012,14.7166666666667,46519.442937,1.69620897294548,NA,17979.943,NA,-1.10288,NA,1.3968254,60.1375812921315,106.775604008862,12
"Ireland",2013,13.0916666666667,48272.949935,0.508714869485458,19.813,17890.01,NA,1.09884,NA,1.3968254,60.5164092187627,106.089437019527,12
"Ireland",2014,11.3083333333333,51292.142715,0.182542316627925,NA,17854.875,NA,8.462367,NA,NA,59.9866438303896,113.786739762701,12
"Ireland",2015,9.45833333333333,68480.731016,-0.289879079012778,NA,17907.637,NA,26.276057,NA,NA,60.1563584387796,123.994644881764,12
"Ireland",2016,7.93333333333333,70201.903987,0.00830633773570249,NA,18942.762,NA,5.213747,NA,NA,60.488770701059,119.930507212036,12
"Italy",1990,NA,NA,NA,NA,NA,NA,NA,NA,NA,NA,NA,13
"Italy",1991,8.51666666666667,19439.076212,6.25000000000001,NA,NA,NA,1.538448,NA,2.7619047,49.5424836601307,NA,13
"Italy",1992,8.79166666666666,20040.447803,5.2705882352941,NA,NA,NA,0.834275,NA,2.7619047,49.9033120757046,17.5337296449926,13
"Italy",1993,9.725,20329.8696,4.62673223066608,NA,NA,NA,-0.852806,NA,2.7619047,48.3915760240685,20.4627466405788,13
"Italy",1994,10.65,21204.794732,4.05184077476324,NA,NA,NA,2.151024,NA,2.7619047,47.8340859675531,21.9393320356716,13
"Italy",1995,11.1833333333333,22271.620786,5.23542294004927,19.149,NA,2.3956065927292,2.886837,NA,2.7619047,47.5594284882391,24.7494742686799,13
"Italy",1996,11.1666666666667,22969.289713,4.00698055537492,NA,NA,3.30076942646179,1.286366,NA,2.7619047,47.5889639173122,23.7629234935363,13
"Italy",1997,11.2166666666667,23802.341989,2.04310552039097,20.004,NA,2.95895504309843,1.835365,NA,2.7619047,47.6517542231298,24.2002797356775,13
"Italy",1998,11.3,24921.584979,1.95508793969852,NA,NA,2.05078866684981,1.616073,NA,2.7619047,48.0207177210507,24.1226896694636,13
"Italy",1999,10.8666666666667,25531.621157,1.66345783596456,20.484,NA,1.13091215832351,1.559851,NA,2.7619047,48.2618593490432,23.2504895551058,13
"Italy",2000,10.05,27006.394979,2.53768653889857,NA,NA,0.0621548116196618,3.710108,NA,2.7619047,48.4897703225478,25.6577873429734,13
"Italy",2001,9.00833333333333,27993.940144,2.78516548463358,20.8,NA,0.52451650107365,1.772186,22,2.7619047,48.6934034935313,25.731748874718,13
"Italy",2002,8.475,28621.246379,2.46532020412564,NA,NA,-0.26491426565836,0.248546,NA,2.7619047,48.9452505791977,24.4721818586864,13
"Italy",2003,8.43333333333333,29029.222858,2.67255892255893,21.715,NA,-0.614957191133454,0.151324,NA,2.7619047,49.2387914102661,23.3607370038917,13
"Italy",2004,8,29386.911358,2.2067363530778,NA,NA,-0.344459854674273,1.581936,NA,2.7619047,49.4715417683145,24.0628990938127,13
"Italy",2005,7.70833333333333,29937.583453,1.98529411764704,21.973,NA,-0.899480503579075,0.949665,48,2.7619047,49.0534747931405,24.6516620793843,13
"Italy",2006,6.79166666666667,32193.087158,2.09084354722423,NA,NA,-1.50334130991876,2.006588,63,2.7619047,49.0768992068736,26.2279689623036,13
"Italy",2007,6.075,33781.355385,1.82973805855163,21.895,NA,-1.38495084892872,1.473872,78,2.7619047,48.7525033976593,27.4271991136572,13
"Italy",2008,6.70833333333333,35154.802438,3.34783431057309,NA,NA,-2.82567255233358,-1.050405,97,2.7619047,49.1015866002199,26.9645411668669,13
"Italy",2009,7.75,34269.202679,0.774768179599804,24.864,NA,-1.8909180274954,-5.482054,116,2.7619047,48.4773555790616,22.4765953588626,13
"Italy",2010,8.35,34752.009339,1.52551607240149,NA,NA,-3.41491642564009,1.686523,138,2.7619047,48.2051025815988,25.1882092098956,13
"Italy",2011,8.35,35935.484814,2.78063323594298,24.199,NA,-3.00993454726034,0.576625,162,2.7619047,48.1433607517535,27.0063472819143,13
"Italy",2012,10.6416666666667,35757.0229,3.04136253041363,NA,NA,-0.357411980473773,-2.819019,188,2.7619047,49.0834191932556,28.5863671519443,13
"Italy",2013,12.1333333333333,35885.38999,1.21999212908304,25.204,NA,0.961733196580462,-1.728157,NA,2.6785715,48.7932071858839,28.8625898508378,13
"Italy",2014,12.65,36294.102283,0.24105754276825,NA,NA,1.87896451836208,0.113672,229,NA,49.0585739765526,29.3065161364393,13
"Italy",2015,11.8916666666667,37255.136938,0.0387867504460633,NA,NA,1.44154595755734,0.783244,253,NA,48.968503052119,30.0183815959838,13
"Italy",2016,11.675,38146.85783,-0.094021401985132,NA,NA,2.5755408693155,0.879891,NA,NA,49.5009699808103,29.9845232740559,13
"Luxembourg",1990,NA,NA,NA,NA,NA,NA,NA,NA,NA,NA,NA,14
"Luxembourg",1991,1.65833333333333,34278.117765,3.11835931966098,NA,17425.723,NA,8.644191,NA,NA,51.8739181230139,NA,14
"Luxembourg",1992,2.06666666666667,35215.313722,3.15416878803308,NA,17730.762,NA,1.819653,NA,NA,53.5270614470631,96.707857053524,14
"Luxembourg",1993,2.58333333333333,37039.055268,3.58810441540534,NA,18333.529,NA,4.200648,NA,NA,52.7088181036135,96.9689675322849,14
"Luxembourg",1994,3.175,38708.552247,2.19476040658278,NA,18562.342,NA,3.820921,NA,NA,52.6923344344393,100.180980034529,14
"Luxembourg",1995,2.86666666666667,39523.918478,1.86769787673627,NA,19175.91,11.0705598269045,5.851243,NA,NA,50.7984743506136,102.475306045934,14
"Luxembourg",1996,2.925,41322.196605,1.18386104012053,NA,19106.898,10.287788409072,1.388428,NA,NA,50.9591902471906,106.524281977711,14
"Luxembourg",1997,2.7,42775.452672,1.36751139623727,NA,19899.152,9.80755367443098,5.709717,NA,NA,51.1944302701845,115.847004216419,14
"Luxembourg",1998,2.69166666666667,44299.742284,0.95856626046439,NA,19750.377,8.908277285545,6.044651,NA,NA,51.3508173897243,126.178536185983,14
"Luxembourg",1999,2.40833333333333,50526.653189,1.02519420771158,NA,20011.021,7.8644082159892,8.481003,NA,NA,52.3404297423072,130.829615551375,14
"Luxembourg",2000,2.24166666666667,55220.891328,3.15076774425885,NA,19925.521,12.6388493505306,8.239799,NA,NA,53.4119438958363,148.484907700666,14
"Luxembourg",2001,1.9,55980.409529,2.66382233829702,NA,20637.07,8.30707626435574,2.531975,23,NA,53.8146319387409,147.439463050704,14
"Luxembourg",2002,2.55833333333333,58709.015363,2.0740887324166,NA,20596.047,9.33077191831063,3.81947,NA,NA,54.7647421179104,141.96461158688,14
"Luxembourg",2003,3.80833333333333,59951.840564,2.04984042933296,19.039,21366.678,6.41365863312123,1.629287,31,NA,54.1748749003929,138.90022793065,14
"Luxembourg",2004,4.95,64038.538001,2.22568081831823,NA,21335.592,11.8093051047799,3.612177,NA,NA,55.0049020942553,153.035736645875,14
"Luxembourg",2005,4.65,68140.65238,2.48769271187972,18.785,21764.568,10.9710811068561,3.172443,NA,NA,55.5554980024666,161.676408809019,14
"Luxembourg",2006,4.575,77948.76669,2.66631494577073,NA,21639.123,9.91333867798303,5.178486,NA,NA,55.0079331088439,176.246890384932,14
"Luxembourg",2007,4.16666666666667,83825.291602,2.31245861786127,16.566,22044.701,9.73417360710416,8.354553,82,NA,55.9304958141535,182.888001090727,14
"Luxembourg",2008,4.91666666666667,86591.985457,3.40187963025567,NA,21763.514,7.76525944988299,-1.279586,NA,2.2460318,56.0111438592809,187.111880717512,14
"Luxembourg",2009,5.11666666666667,82290.426692,0.368041997888905,20.247,22670.305,7.05196093313153,-4.358607,125,2.2460318,58.1634995092146,164.069506600635,14
"Luxembourg",2010,4.58333333333333,85680.189292,2.27367911621544,NA,22534.82,6.38532479444626,4.864969,148,2.2460318,57.6992199153171,174.523090007987,14
"Luxembourg",2011,4.83333333333333,91814.036613,3.4106834106834,18.304,22619.83,6.01623382606559,2.539235,170,2.2460318,57.5881027285314,177.989656164445,14
"Luxembourg",2012,5.06666666666667,91526.720705,2.66284165508018,NA,22583.826,5.90273325620614,-0.352519,195,2.2460318,58.7507185730335,186.444307394605,14
"Luxembourg",2013,5.875,95352.292808,1.73403963519167,18.72,22840.506,5.28922976282727,3.990192,218,2.2460318,59.3930332031764,192.133327384353,14
"Luxembourg",2014,6.05,101465.882029,0.628543985440706,NA,23401.492,4.69081283135766,5.626931,242,NA,60.0794457217636,206.301663332525,14
"Luxembourg",2015,6.45833333333333,104243.426963,0.474743161437791,NA,23290.914,5.08244201298364,4.004257,NA,NA,59.97763419667,227.113480053523,14
"Luxembourg",2016,6.28333333333333,105767.805206,0.290833333333307,NA,22836.064,4.6872885904102,4.180493,NA,NA,57.7342621506671,227.937499654026,14
"Netherlands",1990,NA,NA,NA,NA,NA,NA,NA,NA,NA,NA,NA,15
"Netherlands",1991,5.675,19850.163609,3.15820271542291,NA,22613.637,NA,2.439135,NA,3.0330954,58.2295505054746,NA,15
"Netherlands",1992,5.75833333333333,20493.984486,3.18358112475761,NA,22586.33,NA,1.706071,NA,3.0214286,58.075824765921,53.7398310944456,15
"Netherlands",1993,6.46666666666667,21095.37851,2.58418167580268,23.146,22168.975,NA,1.257552,NA,3.0732539,58.3309016029762,52.9706370074564,15
"Netherlands",1994,7.19166666666667,22051.024364,2.80152671755724,NA,21564.83,NA,2.961092,NA,2.8965871,58.7657976672066,55.1086777011827,15
"Netherlands",1995,8.35833333333334,23094.265082,1.9232197222841,21.733,21157.918,NA,3.116036,NA,2.8373015,59.9013902360168,57.6109374471708,15
"Netherlands",1996,7.675,24232.345061,2.11379269155017,NA,21014.754,NA,3.566719,NA,2.8373015,60.1381193286758,57.6456752032473,15
"Netherlands",1997,6.5,25712.794646,2.10924562739481,20.522,20939.568,NA,4.299867,NA,2.8373015,61.1337650915487,60.6815522754486,15
"Netherlands",1998,5.13333333333333,27338.059514,1.95913632274255,NA,21084.791,NA,4.525415,NA,2.8373015,61.7794386578675,59.7344053016195,15
"Netherlands",1999,4.23333333333333,28951.737923,2.15717918055057,20.215,21261.332,NA,5.051693,NA,2.8849206,62.324221835993,60.2403829928791,15
"Netherlands",2000,3.66666666666667,31579.628221,2.36052233801955,NA,21353.031,NA,4.238763,NA,2.8849206,63.0588235294118,66.4929552002964,15
"Netherlands",2001,3.075,32918.784028,4.1558412719561,20.769,21733.516,NA,2.124264,NA,2.8849206,63.0653070755818,63.8234849883364,15
"Netherlands",2002,3.66666666666667,33995.119534,3.28753104712767,NA,21972.158,NA,0.10363,NA,2.8849206,63.8085665687336,60.7507366011393,15
"Netherlands",2003,4.84166666666667,33706.217909,2.09199838997656,22.085,22192.141,NA,0.283923,NA,2.8849206,63.1498000615195,59.709357748914,15
"Netherlands",2004,5.675,35453.338424,1.26364739183181,NA,22051.078,7.56785712612281,2.030706,39,2.8849206,63.296080832823,63.5358314612961,15
"Netherlands",2005,5.88333333333333,37271.890226,1.68813017869621,23.132,21685.006,6.97605727660167,2.160366,54,2.8849206,63.615578080939,66.6165697413349,15
"Netherlands",2006,5.00833333333333,40633.421739,1.10150106517709,NA,21681.658,9.1577241286961,3.518637,NA,2.8849206,63.7288392924922,69.2789514029406,15
"Netherlands",2007,4.175,43471.864487,1.613858598021,22.203,21844.66,6.89757842641993,3.698473,84,2.8849206,64.767661503589,70.2736107487608,15
"Netherlands",2008,3.66666666666667,45859.478469,2.48650198289455,NA,21915.264,4.96016853121247,1.699061,102,2.8849206,65.4851306698708,71.6426013395644,15
"Netherlands",2009,4.35,44102.020277,1.1897768702155,23.826,22366.592,5.68247242760503,-3.767584,120,2.8214285,65.5764635603345,63.1544515335039,15
"Netherlands",2010,5.00833333333333,44594.618133,1.27530569556684,NA,22433.141,7.119723625108,1.402662,144,2.8214285,65.0939891522401,71.9539771215749,15
"Netherlands",2011,4.99166666666667,46066.856674,2.34107017751371,24.339,22075.713,8.57876585540705,1.663626,166,2.8214285,64.7759207217867,77.3564421576877,15
"Netherlands",2012,5.825,46715.500984,2.45554765291605,NA,21994.473,10.3525759091483,-1.057037,191,2.8214285,65.2362383646952,81.9362208678724,15
"Netherlands",2013,7.24166666666667,48679.159418,2.50689852657888,25.611,21723.5,9.97357386781497,-0.190339,211,2.8214285,65.1862742745123,82.0102091465619,15
"Netherlands",2014,7.425,49017.866446,0.976035079699632,NA,21820.785,8.86366564709485,1.41969,233,NA,64.6173966268124,82.5653687436652,15
"Netherlands",2015,6.89166666666667,49570.115946,0.600248147278764,NA,21856.795,8.68481608476838,2.260757,258,NA,64.3826031581652,82.463331318151,15
"Netherlands",2016,6.025,50863.440537,0.316666666666676,NA,22209.799,8.40359970738799,2.209942,NA,NA,64.0861774019032,80.809217200888,15
"Norway",1990,NA,NA,NA,NA,NA,NA,NA,5,NA,NA,NA,16
"Norway",1991,5.45,19537.715896,3.43819599109131,NA,NA,3.59580653776104,3.084674,NA,2.3333333,68.4803605924018,NA,16
"Norway",1992,5.925,20581.46666,2.32808504911857,NA,NA,3.41633736866508,3.574403,NA,2.3333333,68.3991017003529,37.1365883115462,16
"Norway",1993,5.95,21540.026215,2.28826933193056,NA,NA,2.92085915461674,2.845312,NA,2.3333333,68.1062060140755,37.1581716156184,16
"Norway",1994,5.40833333333333,22977.329471,1.37567498071484,NA,NA,2.93866878883424,5.055454,NA,2.3333333,68.514977692798,37.3372653784984,16
"Norway",1995,4.93333333333333,24307.632621,2.46036778693722,18.742,NA,3.49788812240168,4.153951,NA,2.3333333,69.6400127429118,37.1831664458574,16
"Norway",1996,4.75,26794.438545,1.262532491645,NA,NA,6.7295361486589,5.027995,NA,2.3333333,71.1245235069886,39.9429387943189,16
"Norway",1997,3.91666666666667,28586.331856,2.56692335900258,17.717,NA,6.15881204636019,5.284685,NA,2.3333333,72.5023786869648,40.5578082998342,16
"Norway",1998,3.09166666666667,28160.564176,2.25241329996424,NA,NA,-0.30863348441186,2.624397,NA,2.3333333,73.2954545454546,36.907664426853,16
"Norway",1999,3.03333333333333,30554.742227,2.36596736596738,19.093,NA,5.49402623998382,2.013308,NA,2.3333333,73.2726130653266,38.6042991196183,16
"Norway",2000,3.24166666666667,36927.689338,3.08550609131276,NA,NA,14.7477329188016,3.205285,NA,2.3333333,73.477038425492,45.71406591745,16
"Norway",2001,3.40833333333333,37871.491434,3.00419703998231,18.284,NA,15.8205530540047,2.085328,NA,2.3333333,73.4598630989421,44.9542850020932,16
"Norway",2002,3.66666666666667,37961.126489,1.28672528415186,NA,NA,12.3272876672642,1.437709,NA,2.3333333,73.5312306740878,40.3949926322651,16
"Norway",2003,4.20833333333333,38529.580205,2.48782553461781,20.777,NA,12.053434987247,0.919842,NA,2.3333333,72.8360957642726,39.6485456710955,16
"Norway",2004,4.275,42515.599821,0.45449850222085,NA,NA,12.3799860941278,3.959038,43,2.3333333,72.644098810613,41.1148603716875,16
"Norway",2005,4.525,47775.439181,1.53213367609255,18.19,NA,16.466752910217,2.624721,56,2.3333333,72.445871657134,43.4253487532568,16
"Norway",2006,3.43333333333333,54107.133389,2.32934980757545,NA,NA,16.3369313216378,2.395092,69,2.3333333,72.000470976098,44.6648147078154,16
"Norway",2007,2.525,55848.951813,0.712589073634218,17.182,NA,12.4198835590701,2.929766,88,2.3333333,72.7700211895156,43.3042209730703,16
"Norway",2008,2.55,61678.86171,3.75393081761004,NA,NA,15.8306516986416,0.384306,105,2.3333333,73.9357452636385,45.9468484443728,16
"Norway",2009,3.15,55456.84024,2.19738586853569,19.806,NA,10.7550403383466,-1.622533,123,2.3333333,72.7551135086536,39.2160260246335,16
"Norway",2010,3.575,57998.846871,2.41890639481003,NA,NA,11.0351462961876,0.601886,147,2.3333333,71.9241507034856,39.819789976329,16
"Norway",2011,3.3,62062.063386,1.28495158809157,18.956,NA,12.5234735436195,0.96878,172,2.3333333,71.4351700902076,41.3370043334946,16
"Norway",2012,3.18333333333333,65374.680731,0.696864111498264,NA,NA,12.6086896404267,2.748818,NA,2.3333333,71.5426953083253,40.6160714526603,16
"Norway",2013,3.5,66954.323857,2.12048620353118,19.266,NA,10.4140359880096,0.998705,NA,2.3333333,71.2130389109119,39.1953591083945,16
"Norway",2014,3.53333333333333,65658.423222,2.04170286707213,NA,NA,12.1301273002457,1.91882,240,NA,71.0059481757184,38.8605995915769,16
"Norway",2015,4.375,62024.608617,2.17113665389526,NA,NA,8.66096924586054,1.611027,261,NA,71.1663846111822,37.3859197615474,16
"Norway",2016,4.725,59266.887657,3.55000000000001,NA,NA,4.90613221549561,1.077979,NA,NA,70.6446029131387,33.7867802495345,16
"Poland",1990,NA,NA,NA,NA,NA,NA,NA,NA,NA,NA,NA,17
"Poland",1991,NA,5933.325757,76.7695099818512,NA,NA,NA,-7.015579,NA,2.2301588,NA,NA,17
"Poland",1992,NA,6210.77205,46.0985626283367,NA,4192.9692,NA,2.514979,NA,2.2301588,61.690324398577,21.4475537524666,17
"Poland",1993,NA,6587.960692,36.964160224877,NA,4504.0732,NA,3.73831,NA,2.2301588,60.9264075349687,20.7578296727106,17
"Poland",1994,NA,7078.528303,32.9912775782452,NA,4550.936,NA,5.292802,NA,2.2301588,60.1694617613487,21.3952316361496,17
"Poland",1995,NA,7723.972767,27.9513888888889,NA,4714.7891,NA,6.951857,NA,2.2301588,58.7608989421678,22.9605173449227,17
"Poland",1996,NA,8327.30206,19.7949645710839,NA,4885.1201,NA,6.05658,NA,2.2301588,58.2156712538385,22.0946519426189,17
"Poland",1997,10.8666666666667,8999.291511,14.9131638560282,NA,5128.4082,NA,6.45955,NA,2.2301588,57.7247464898596,23.3593652679692,17
"Poland",1998,10.1666666666667,9555.597386,11.597853466214,NA,5339.355,NA,4.614648,NA,2.2301588,57.077787323059,25.9820251489517,17
"Poland",1999,13.3916666666667,10124.603574,7.15407262021588,NA,5306.1372,NA,4.642211,NA,2.2301588,56.6778378737101,24.1244818331558,17
"Poland",2000,16.125,10645.448156,9.90017400860887,NA,6172.3398,NA,4.559571,NA,2.2301588,56.5872471157303,27.2289540474839,17
"Poland",2001,18.3083333333333,11126.609681,5.40833333333334,NA,6593.0259,NA,1.248005,NA,2.2301588,56.3387588353544,27.2298471104843,17
"Poland",2002,20.0333333333333,11780.557222,1.90528895564866,NA,6469.7568,NA,2.041604,29,2.2301588,55.413514470592,28.7582175059245,17
"Poland",2003,19.75,12259.488295,0.68269976726144,NA,6764.0928,NA,3.56243,NA,2.2301588,54.7472136973025,33.3912971522466,17
"Poland",2004,19.1416666666667,13351.301471,3.38264755740486,NA,6739.0571,-5.51910068333356,5.13565,NA,2.2301588,54.7030681193832,34.2648184150678,17
"Poland",2005,17.925,13897.543071,2.18379667585896,17.037,6795.127,-2.6215361137389,3.493681,NA,2.2301588,54.9017537798082,34.6096996571318,17
"Poland",2006,13.9666666666667,15154.578191,1.28469346537995,NA,7104.0459,-4.0077176443069,6.179604,NA,2.2301588,54.001861924286,37.8639851040919,17
"Poland",2007,9.60833333333334,16783.384082,2.45874312385397,15.766,7218.9321,-6.34060612649102,7.034802,NA,2.2301588,53.7055265144637,38.564590078351,17
"Poland",2008,7.04166666666667,18315.13109,4.16497193524771,NA,8337.0762,-6.71794389959515,4.249645,109,2.2301588,54.2203890643776,37.8569890106985,17
"Poland",2009,8.11666666666667,19265.423845,3.79539242483405,18.2,9102.2334,-3.98755381391388,2.820222,129,2.2301588,54.9237933281417,37.1844501708196,17
"Poland",2010,9.66666666666666,20829.366987,2.58069370250546,NA,9158.3535,-5.37691601095188,3.60696,153,2.2301588,55.3171831641108,40.0551582131562,17
"Poland",2011,9.65,22576.020886,4.23940149625934,16.254,9246.1934,-5.20376411599692,5.016616,177,2.2301588,55.5464166255415,42.5634711991795,17
"Poland",2012,10.1083333333333,23541.52617,3.56037151702788,NA,9662.6768,-3.71836473240378,1.606637,201,2.2301588,55.8679682969264,44.4444921786777,17
"Poland",2013,10.3416666666667,24421.982683,0.991982606332382,NA,10205.613,-1.2715233805424,1.390826,222,2.2301588,55.9363208609912,46.3213148869959,17
"Poland",2014,9.01666666666666,25392.007443,0.0538213132399954,NA,10710.136,-2.07962079806262,3.28257,245,NA,56.2485478021875,47.589003689007,17
"Poland",2015,7.525,26528.520297,-0.874125874125828,NA,11254.773,-0.627259681504595,3.844499,NA,NA,56.1557708207454,49.522847785359,17
"Poland",2016,6.19166666666667,27463.870115,-0.664767331434,NA,11977.516,-0.296032025286534,2.678677,NA,NA,56.2098063055706,52.2819879957065,17
"Portugal",1990,NA,NA,NA,NA,NA,NA,NA,NA,NA,NA,NA,18
"Portugal",1991,4.18333333333333,12705.521866,11.8494841773675,NA,8288.7129,NA,4.368206,NA,4.8333335,60.3068176366166,NA,18
"Portugal",1992,4.125,13142.018375,9.55926033177511,NA,8395.6387,NA,1.089476,NA,4.5833335,58.9677612760589,24.4548535693468,18
"Portugal",1993,5.5,13165.116538,6.7837799466541,NA,8374.6484,NA,-2.043277,NA,4.5833335,58.2462174165852,23.5964644305478,18
"Portugal",1994,6.825,13542.425785,5.42044019241623,NA,8262.4756,NA,0.964838,NA,4.5833335,58.1775130596104,25.1296433204711,18
"Portugal",1995,7.18333333333333,14376.128917,4.22281614099488,NA,8361.8896,NA,4.28278,NA,4.5833335,57.6390658174098,26.765554039587,18
"Portugal",1996,7.24166666666667,14903.386072,3.06897732509789,NA,8518.5459,-4.48598485016707,3.496684,NA,4.5833335,57.3527121101379,26.5468088870944,18
"Portugal",1997,6.74166666666667,15780.006138,2.3368629831411,NA,8644.1865,-6.15831991810247,4.42621,NA,4.5833335,57.6010826467865,27.1454164091975,18
"Portugal",1998,6.08333333333333,16674.577183,2.57275225909129,NA,8754.3604,-7.58565838499708,4.791771,17,4.5833335,60.3307728676852,27.3218355632049,18
"Portugal",1999,5.55,17723.51132,2.34009490312171,NA,8902.7275,-8.83822002591517,3.888213,18,4.5833335,60.4574748274479,26.4718665153461,18
"Portugal",2000,5.075,18872.376821,2.85303039287155,NA,9008.7871,-10.8129406523781,3.787494,19,4.5833335,60.9515842141793,28.19085673866,18
"Portugal",2001,5.13333333333333,19585.517087,4.36990330551795,NA,9064.5254,-10.4450405919218,1.943304,21,4.5833335,61.4948083369838,27.4239965888504,18
"Portugal",2002,6.14166666666667,20367.738703,3.60034658290911,NA,9111.2207,-8.48979601606023,0.768797,28,4.5833335,61.9388646424385,26.945552821905,18
"Portugal",2003,7.4,20839.691133,3.21899090682899,21.09,9044.958,-7.1630559532056,-0.934205,30,4.5833335,61.8909307594928,26.7517090393724,18
"Portugal",2004,7.76666666666667,21490.722113,2.36536204097302,NA,9058.9609,-8.3202063168572,1.811582,34,4.4166665,61.5639685021316,27.2543875345978,18
"Portugal",2005,8.76666666666667,22739.663819,2.27716394887832,21.786,9077.7285,-9.88067083503171,0.766786,45,4.4166665,61.8660865604439,26.7342551972326,18
"Portugal",2006,8.86666666666667,24669.530527,3.10766545871053,NA,9067.2871,-10.6839735814597,1.553053,61,4.4166665,62.0739083818492,29.9170673289114,18
"Portugal",2007,9.13333333333333,25695.763461,2.4539652813874,21.346,9242.2744,-9.72435699721966,2.492002,75,4.4166665,62.2218217764658,31.0057427828733,18
"Portugal",2008,8.78333333333333,26631.49833,2.58850657657964,NA,9523.2383,-12.1247158740801,0.199272,94,4.4166665,62.0319006148297,31.1252705012107,18
"Portugal",2009,10.6833333333333,26496.302089,-0.835530021504204,24.319,10144.52,-10.4180021959152,-2.978104,113,4.4166665,61.3548666271847,27.0807114054582,18
"Portugal",2010,11.9833333333333,27360.981528,1.40257289895372,NA,10559.993,-10.148752365612,1.898691,135,4.1309524,61.2295889236558,29.8732519100281,18
"Portugal",2011,12.8833333333333,26780.130678,3.65301100430728,23.612,10402.312,-5.97817135489063,-1.826853,159,4.1309524,60.5132323150641,34.2913336262909,18
"Portugal",2012,15.7833333333333,26454.226847,2.77333854051581,NA,10121.601,-1.7768209439395,-4.028257,185,3.5595238,60.1584847541292,37.7105706067037,18
"Portugal",2013,16.4583333333333,27899.476143,0.27441666666666,24.131,10093.904,1.56398807857024,-1.130156,207,3.1845238,59.3000295105455,39.516176040327,18
"Portugal",2014,14.125,28806.182786,-0.278153367467443,NA,10226.408,0.0616952953804261,0.893094,226,NA,58.8220722382261,40.0743741060985,18
"Portugal",2015,12.6583333333333,29687.734257,0.487938623904742,NA,10488.292,0.0670925244748566,1.594439,250,NA,58.5939696810744,40.5607743215913,18
"Portugal",2016,11.175,30612.364,0.607397074641671,NA,10941.056,0.84070015415364,1.39855,NA,NA,58.452993535997,40.2700773669263,18
"Slovak Republic",1990,NA,NA,NA,NA,NA,NA,NA,NA,NA,NA,NA,19
"Slovak Republic",1991,NA,NA,NA,NA,5588.3252,NA,NA,NA,NA,NA,NA,19
"Slovak Republic",1992,NA,7141.648962,9.89349775784752,NA,6102.2622,NA,NA,NA,NA,NA,66.4742198113206,19
"Slovak Republic",1993,NA,7425.399216,23.2870313695485,NA,5090.2539,NA,1.901327,NA,2.4722223,NA,55.1373890303243,19
"Slovak Republic",1994,NA,8021.025219,13.4155184916606,NA,4860.0908,NA,6.20553,NA,2.4722223,59.8946207572601,58.1544443913734,19
"Slovak Republic",1995,NA,8640.208102,9.84109755580452,NA,4424.6558,NA,5.843495,NA,2.4722223,59.83148107794,56.6849123260457,19
"Slovak Republic",1996,NA,9360.732907,5.77583247511159,NA,4503.1821,NA,6.757147,NA,2.4722223,60.1577105603758,52.2867787106934,19
"Slovak Republic",1997,NA,10061.016781,6.1419878296146,NA,4343.1382,NA,6.067543,NA,2.4722223,59.6739596739597,55.0673474769056,19
"Slovak Republic",1998,12.7083333333333,10601.776161,6.66564745451766,NA,4524.145,NA,4.011814,NA,2.4722223,59.5569440499858,46.6571717360448,19
"Slovak Republic",1999,16.4916666666667,10701.518064,10.5704457503225,NA,4705.3862,NA,-0.205069,NA,2.4722223,59.747381248096,47.4785296379812,19
"Slovak Republic",2000,18.9083333333333,11322.737899,12.0357767839782,NA,4991.1812,NA,1.210173,NA,2.4722223,60.0654550518766,54.0657206165597,19
"Slovak Republic",2001,19.4583333333333,12398.235627,7.32963091519148,16.646,5138.0459,NA,3.316468,24,2.4722223,60.5739798853881,57.7947843673601,19
"Slovak Republic",2002,18.8083333333333,13290.17514,3.12713316312904,NA,5589.9028,NA,4.522792,NA,2.4722223,60.0845646528943,57.4823922268769,19
"Slovak Republic",2003,17.6916666666667,14123.240053,8.55414305406645,16.533,5772.5122,NA,5.418716,NA,2.3055556,60.2548501894157,62.1928456495847,19
"Slovak Republic",2004,18.3583333333333,15170.44269,7.5485008818342,NA,5826.6079,-7.63404811737753,5.258836,NA,2.2222223,60.0793201133144,68.7124767038628,19
"Slovak Republic",2005,16.375,16572.063714,2.70908494588391,15.081,6053.5649,-8.25282708388184,6.750961,NA,2.2222223,59.4231893179877,72.0456267341533,19
"Slovak Republic",2006,13.4666666666667,18812.959341,4.48333120449608,NA,6210.7881,-7.69208700961794,8.452888,NA,2.2222223,59.053594073283,81.0266400626251,19
"Slovak Republic",2007,11.2333333333333,21070.779311,2.75672371638141,14.758,6599.4609,-5.20019245453978,10.799577,NA,2.2222223,58.7526990750844,83.2757640520849,19
"Slovak Republic",2008,9.575,23574.932189,4.59817976325024,NA,6615.625,-6.22726138197174,5.629779,NA,2.2222223,59.3431077025528,80.0453363471909,19
"Slovak Republic",2009,12.1166666666667,22949.223553,1.61510464058237,17.702,7155.2778,-3.48296441159666,-5.422542,NA,2.2222223,58.8763110434067,67.6092509853598,19
"Slovak Republic",2010,14.4916666666667,24833.009097,0.957018132975159,NA,7380.063,-4.70318170402054,5.041717,NA,2.2222223,59.9009359461588,76.3352577866102,19
"Slovak Republic",2011,13.6833333333333,25836.338992,3.91928599146294,17.004,7316.3691,-4.96188032093758,2.8191,181,2.2222223,58.7591995281764,85.0470339297725,19
"Slovak Republic",2012,13.9666666666667,26654.008792,3.60610263522886,NA,7288.9409,0.93287288251583,1.657149,203,1.7142857,59.1987201067407,91.4301238786082,19
"Slovak Republic",2013,14.225,27899.621343,1.40047368963032,17.369,7418.9419,1.86423508642291,1.490646,223,1.8412699,59.281427464874,93.8195013492877,19
"Slovak Republic",2014,13.2083333333333,29020.580125,-0.0761653295420043,NA,7738.9971,1.14613952828628,2.570853,247,NA,59.3492315105456,91.8030974993811,19
"Slovak Republic",2015,11.4833333333333,29915.122084,-0.3252197774277,NA,8381.8604,0.164066581426697,3.831085,267,NA,59.639660538754,93.4881916398231,19
"Slovak Republic",2016,9.65833333333333,30619.013745,-0.520010196278366,NA,8979.9912,-0.734569360661455,3.28515,NA,NA,60.0345345892223,93.8146251728242,19
"Slovenia",1990,NA,NA,NA,NA,NA,NA,NA,NA,NA,NA,NA,20
"Slovenia",1991,NA,NA,114.832925102737,NA,NA,NA,-8.900107,NA,NA,NA,NA,20
"Slovenia",1992,NA,NA,209.933757320057,NA,NA,NA,-5.463699,NA,NA,NA,NA,20
"Slovenia",1993,NA,NA,31.7621274108708,NA,NA,NA,2.843418,NA,NA,NA,NA,20
"Slovenia",1994,NA,NA,20.9918161857659,NA,NA,NA,5.327488,NA,NA,NA,NA,20
"Slovenia",1995,NA,13555.261869,13.4637240165708,NA,8247.7852,-0.638750577602272,4.10716,NA,NA,NA,45.60678069108,20
"Slovenia",1996,6.89166666666667,14263.831928,9.86445661480797,NA,8662.7275,0.0968745112647482,3.516281,NA,NA,NA,46.1893400688448,20
"Slovenia",1997,6.91666666666667,15257.398667,8.35967943533566,NA,8859.1172,0.131739818147023,5.11438,NA,NA,NA,47.5938086300209,20
"Slovenia",1998,7.36666666666667,16018.578321,7.89116569412403,NA,8920.1504,-0.856298941078366,3.285632,NA,NA,NA,47.5407899295888,20
"Slovenia",1999,7.35,17061.436549,6.15558769888687,NA,9296.2383,-4.04225434712771,5.274354,NA,NA,NA,44.1477155052388,20
"Slovenia",2000,6.74166666666667,18032.17683,8.91174506186038,NA,9412.7402,-3.24124416658182,4.155434,NA,NA,57.6546531109051,50.00560338316,20
"Slovenia",2001,6.19166666666667,18999.838243,8.37966587492203,NA,9860.0186,0.0300981605713792,2.949365,NA,NA,58.0144318416376,51.7489200512356,20
"Slovenia",2002,6.34166666666667,20299.933243,7.48077770703756,NA,10228.709,0.919035564212085,3.836305,NA,NA,57.4398963070149,52.1575729009754,20
"Slovenia",2003,6.7,21126.58741,5.544164217529,NA,10564.821,-0.836509732164116,2.842083,NA,NA,56.5413243390429,50.8958502408984,20
"Slovenia",2004,6.34166666666667,22789.995928,3.59297594249513,NA,10911.386,-2.71591932722388,4.351795,40,NA,58.9576042578205,54.9662359275651,20
"Slovenia",2005,6.54166666666667,23941.234638,2.45150132316476,NA,11176.718,-1.78207042854029,4.003007,57,NA,59.2482801714244,59.5799406279248,20
"Slovenia",2006,5.99166666666667,25765.397256,2.45792444195863,NA,11273.049,-1.80724877961683,5.655999,70,NA,59.2954319945116,64.6953930634183,20
"Slovenia",2007,4.85833333333333,27584.71173,3.65749563284102,NA,11147.784,-4.08556942861876,6.941646,86,NA,59.6964466776938,67.5970600995127,20
"Slovenia",2008,4.39166666666667,29614.587595,5.64742380573934,NA,11400.252,-5.29576899949224,3.30013,106,2.6507936,59.4885259596704,66.1088340049416,20
"Slovenia",2009,5.89166666666667,27477.258506,0.839262246793847,20.755,11727.232,-0.559177233380907,-7.797277,128,2.6507936,59.43725928106,57.2426782788636,20
"Slovenia",2010,7.26666666666667,27789.774584,1.80117022137136,NA,13827.877,-0.117202666421647,1.237756,152,2.6507936,59.1717512757074,64.2881147552492,20
"Slovenia",2011,8.20833333333334,28804.727303,1.80285171941909,21.191,14240.07,0.185148690523458,0.649367,176,2.6031747,57.9241099441524,70.3739551320385,20
"Slovenia",2012,8.89166666666667,28847.362659,2.59741386039009,NA,14200.683,2.60574966110434,-2.689414,199,2.6031747,57.5429811552591,73.2741045544281,20
"Slovenia",2013,10.1416666666667,29537.747169,1.76920085881892,21.468,14331.078,4.80742977644058,-1.086923,220,2.6031747,57.2464720407395,75.1866558224673,20
"Slovenia",2014,9.73333333333334,30997.465359,0.199343826570893,NA,14394.414,6.2269023601327,3.10628,243,2.15873,57.6737782723212,76.3896629485392,20
"Slovenia",2015,9,31968.212762,-0.525552285820862,NA,14512.807,5.20115683422714,2.316645,264,NA,57.3175652418454,77.935844398111,20
"Slovenia",2016,8.025,32887.981648,-0.05499954167048,NA,14520.798,6.79380717089587,2.491928,NA,NA,56.5502914112214,79.0564584226799,20
"Spain",1990,NA,NA,NA,NA,NA,NA,NA,NA,NA,NA,NA,21
"Spain",1991,15.5,14238.955189,5.9342142951191,NA,11640.278,NA,2.546001,NA,3.5476191,51.5545881693592,NA,21
"Spain",1992,17.0166666666667,14664.578255,5.92453059557623,NA,11614.496,NA,0.929215,NA,3.5476191,51.2881657835804,16.2652184428755,21
"Spain",1993,20.8416666666667,14826.205523,4.56907227613906,NA,11551.057,NA,-1.031492,NA,3.5476191,51.316504755022,17.7938566180114,21
"Spain",1994,22.05,15474.837215,4.71841322718397,NA,11415.049,NA,2.383195,NA,3.5476191,51.4784592714655,20.408590200644,21
"Spain",1995,20.75,16209.743536,4.67380362714016,NA,11288.846,-0.960674038478026,2.757494,NA,2.3571429,51.4497440889252,21.9318278301117,21
"Spain",1996,19.8666666666667,16919.3456,3.55884296926746,NA,11286.877,-0.754657487800766,2.674639,NA,2.3571429,51.745480092512,23.1184117772423,21
"Spain",1997,18.3916666666667,17859.682598,1.97107788305964,NA,11360.251,-0.718817414532109,3.689614,NA,2.3571429,52.0524327241884,25.7537414414467,21
"Spain",1998,16.4083333333333,19014.413811,1.83433048042781,NA,11391.692,-1.65606269208994,4.305978,NA,2.3571429,52.3285633844195,26.1832135469874,21
"Spain",1999,13.6,19915.643269,2.31034551515298,NA,11335.743,-3.2848403118902,4.484901,NA,2.3571429,52.816563810356,26.3972364869867,21
"Spain",2000,11.9166666666667,21524.489648,3.43351675684201,NA,11182.511,-4.39819181582578,5.289093,NA,2.3571429,53.8325116057148,28.616170212766,21
"Spain",2001,10.5583333333333,23010.90154,3.58983356407939,16.773,11014.932,-4.39494995054144,4.001069,NA,2.3571429,52.9971385148774,27.8622156654201,21
"Spain",2002,11.4416666666667,24367.743114,3.0657663574671,NA,10903.028,-3.7371216968228,2.879762,NA,2.3571429,54.6050588259006,26.4771356274223,21
"Spain",2003,11.4916666666667,25049.403147,3.03923368432095,17.765,10796.793,-3.88342921067008,3.187571,NA,2.3571429,55.8350218361555,25.4473086803274,21
"Spain",2004,10.9583333333333,26236.921526,3.03920165014927,NA,11045.98,-5.57635491194068,3.166747,36,2.3571429,56.7115117493251,25.1788906688955,21
"Spain",2005,9.16666666666667,27696.446679,3.36845398789424,18.208,11525.309,-7.4920281070725,3.723103,47,2.3571429,57.7936144351688,24.6677828332434,21
"Spain",2006,8.45833333333334,30858.560647,3.51537491125934,NA,11740.059,-8.97857869718394,4.174119,64,2.3571429,58.6384348435978,24.8719709040114,21
"Spain",2007,8.225,32577.618013,2.78703047313629,18.719,12047.642,-9.63490530664335,3.768895,77,2.3571429,59.2763263202218,25.7077350535294,21
"Spain",2008,11.2666666666667,33441.960446,4.07566076368222,NA,12172.902,-9.24728995026296,1.115973,96,2.3571429,60.0820577900653,25.3168991056318,21
"Spain",2009,17.8666666666667,32420.377266,-0.287996835001983,24.027,12696.383,-4.27831004031762,-3.573812,115,2.3571429,60.1806894511668,22.6737989720435,21
"Spain",2010,19.8833333333333,31994.069395,1.79988133046941,NA,12657.498,-3.92160662863633,0.013787,137,2.3571429,60.2800672556159,25.5198151932672,21
"Spain",2011,21.4083333333333,32071.609738,3.19614641224103,24.265,12424.575,-3.17936971481638,-1.00008,161,2.2142856,60.3312877358377,28.9210799943573,21
"Spain",2012,24.7916666666667,31991.049756,2.4460001854071,NA,12127.923,-0.219917311782096,-2.929811,187,2.2142856,60.3986036010683,30.7016632716459,21
"Spain",2013,26.1166666666667,32620.783452,1.40854629241726,23.729,12030.048,1.5203652965574,-1.705895,NA,2.0476191,60.0179973504871,32.2193882028092,21
"Spain",2014,24.45,33676.819355,-0.150870313497933,NA,12049.553,1.08044312252047,1.378998,228,NA,59.5997197970184,32.6673898893469,21
"Spain",2015,22.075,34726.641464,-0.500461321406526,NA,12170.472,1.36878275200986,3.20468,252,NA,59.5415088724419,33.1777668901927,21
"Spain",2016,19.65,36290.997098,-0.202671740806421,NA,12317.413,1.95443773539973,3.235753,NA,NA,59.2312518239889,33.0674390021646,21
"Sweden",1990,NA,NA,NA,NA,NA,NA,NA,4,NA,NA,NA,22
"Sweden",1991,3.1,20388.800332,9.44462732944192,NA,NA,NA,-1.145975,10,2.7976191,73.854748603352,NA,22
"Sweden",1992,5.55833333333333,20490.690532,2.37436725111879,NA,NA,NA,-1.158593,11,2.7976191,72.3451679668842,26.7234513004522,22
"Sweden",1993,9.05,20425.420697,4.72817304626053,28.821,NA,-1.24861630852585,-2.065616,12,2.7976191,70.7697201017812,31.3074655581468,22
"Sweden",1994,9.35833333333334,21559.218769,2.15813800724628,NA,NA,1.04085737698252,4.087602,14,2.7976191,70.0379867046534,34.4905192690118,22
"Sweden",1995,8.8,22774.74869,2.45514857818395,25.302,NA,3.18816727244308,4.024307,16,2.7976191,70.5306380290588,38.0028902685444,22
"Sweden",1996,9.55833333333333,23606.481253,0.533131978766257,NA,NA,3.34287148045812,1.517861,NA,2.7976191,70.5399431638775,36.8333743093386,22
"Sweden",1997,9.89166666666667,24446.740247,0.658410256243526,24.19,NA,3.89445006042771,2.900483,NA,2.7023809,69.9004582082478,40.0517317969297,22
"Sweden",1998,8.2,25478.2179,-0.267132668354948,NA,NA,3.62956723217336,4.226792,NA,2.7023809,69.6036633507027,41.0272899529805,22
"Sweden",1999,6.73333333333333,27148.296072,0.462175756339118,23.6,NA,3.93450518259471,4.530153,NA,2.6547618,69.9968434343434,41.0378425044708,22
"Sweden",2000,5.6,29258.014069,0.899143734041716,NA,NA,3.95405759373119,4.735287,NA,2.6547618,70.9026465028355,44.0979466113921,22
"Sweden",2001,5.825,29701.86423,2.40595834145439,23.02,NA,4.72582792729836,1.56341,NA,2.6547618,71.2829360100376,43.7539596389213,22
"Sweden",2002,5.95,30587.619502,2.15848213589263,NA,NA,4.48404925230609,2.073577,NA,2.6071429,71.2852909062549,42.090046367996,22
"Sweden",2003,6.56666666666667,31470.99845,1.92565534892387,23.884,NA,5.87231333880937,2.38574,NA,2.6071429,71.0696447960292,41.2443052072759,22
"Sweden",2004,7.375,33551.819511,0.373659828721766,NA,NA,6.01417707066757,4.32053,41,2.6071429,70.7953827423059,43.4469175060559,22
"Sweden",2005,7.64166666666667,33967.082653,0.453170852576171,23.238,NA,6.05805348619217,2.81833,60,2.6071429,72.0244197255076,45.8732551132439,22
"Sweden",2006,7.04166666666667,37439.858252,1.36021468627691,NA,NA,8.19495084475441,4.688127,73,2.6071429,72.0784040474423,48.1899956793643,22
"Sweden",2007,6.11666666666667,40563.801274,2.21216883436736,22.118,NA,8.15607919919875,3.404949,91,2.6071429,71.151938123509,48.2580656119268,22
"Sweden",2008,6.16666666666667,41853.864867,3.43704910602873,NA,NA,7.85093795473769,-0.557048,107,2.6071429,71.2328946335592,49.8130977131591,22
"Sweden",2009,8.3,39693.391227,-0.494460544378044,24.495,NA,6.03219031998398,-5.184659,127,2.6071429,70.5795661557175,44.452303460322,22
"Sweden",2010,8.575,41667.946162,1.15798802715629,NA,NA,5.96188754330434,5.988927,151,2.6071429,70.4753902244503,46.1851923611233,22
"Sweden",2011,7.76666666666667,43755.122858,2.96115073822138,23.633,NA,5.54828253855112,2.664408,175,2.6071429,70.9178047332259,46.6828949588645,22
"Sweden",2012,7.96666666666667,44724.851249,0.888377506923721,NA,NA,5.58321586131916,-0.286321,198,2.6071429,71.1241672054648,46.3231382978723,22
"Sweden",2013,8,45673.073298,-0.0442929701486693,25.338,NA,5.258623665007,1.241205,214,2.6071429,71.4766779954045,43.8006859051505,22
"Sweden",2014,7.93333333333334,46404.792473,-0.179638494114655,NA,NA,4.62710643215012,2.604327,237,NA,71.9391010462692,45.0331484134484,22
"Sweden",2015,7.4,47823.227994,-0.0467847449832428,NA,NA,4.69832893983983,4.08496,259,NA,71.9664923164705,45.5901229890773,22
"Sweden",2016,6.95,49075.936346,0.984269244577988,NA,NA,4.51200659952888,3.177735,NA,NA,72.0577384498189,44.3968425498769,22
"Switzerland",1990,NA,NA,NA,NA,NA,NA,NA,NA,NA,NA,NA,23
"Switzerland",1991,NA,27505.39128,5.85958593539569,NA,NA,NA,-0.915817,NA,1.5952381,68.4274719527472,NA,23
"Switzerland",1992,NA,27864.904085,4.03700916382414,NA,NA,NA,-0.043733,NA,1.5952381,68.2908497454484,40.9144679272064,23
"Switzerland",1993,NA,28305.377506,3.29262948327609,NA,NA,NA,-0.125984,NA,1.5952381,68.217842158047,41.4586229253484,23
"Switzerland",1994,NA,29075.146652,0.852141522219928,NA,NA,NA,1.269758,NA,1.5952381,67.3464708653607,41.1318639689828,23
"Switzerland",1995,NA,29577.904815,1.79979956254237,NA,NA,NA,0.480866,NA,1.5952381,67.0493474458217,40.783278703161,23
"Switzerland",1996,NA,30248.770314,0.811658038234831,NA,NA,NA,0.601094,NA,1.5952381,67.4975950809399,41.7987668962115,23
"Switzerland",1997,NA,31526.25091,0.520214642356534,NA,NA,NA,2.312047,NA,1.5952381,67.3623458983367,47.2271897158003,23
"Switzerland",1998,NA,32599.234715,0.0179488591812123,NA,NA,NA,2.944772,NA,1.5952381,67.9700170225303,46.7114268468325,23
"Switzerland",1999,NA,33502.023023,0.806446857095483,NA,NA,NA,1.643372,NA,1.5952381,67.7951348122725,47.4170340056582,23
"Switzerland",2000,NA,35355.433627,1.55851846785165,NA,NA,11.7504869492534,3.946103,NA,1.5952381,67.3596342719661,52.1924505738383,23
"Switzerland",2001,NA,36605.921177,0.989017153403338,NA,NA,7.9706093194061,1.446595,NA,1.5952381,67.8007938505131,50.8888145582282,23
"Switzerland",2002,NA,37430.458731,0.642708441925622,NA,NA,8.39276614606397,0.143394,NA,1.5952381,67.7203185682038,48.9828808337046,23
"Switzerland",2003,NA,37362.118363,0.638298911211505,NA,NA,12.6913096132989,0.049708,NA,1.5952381,67.8455002045197,48.2312389144967,23
"Switzerland",2004,NA,38879.202291,0.802882618129782,NA,NA,14.7518791419217,2.842948,NA,1.5952381,67.2737089254569,51.5524310088004,23
"Switzerland",2005,NA,40213.036743,1.17195114446501,NA,NA,13.5663519447693,3.038305,NA,1.5952381,66.976128610617,53.9426734801701,23
"Switzerland",2006,NA,44705.494441,1.05952505549086,NA,NA,14.4383595744182,4.012786,NA,1.5952381,67.3511600427078,56.718092377735,23
"Switzerland",2007,NA,49222.492474,0.732336631239708,NA,NA,10.2668342616768,4.140348,NA,1.5952381,67.621772602102,61.6253437675376,23
"Switzerland",2008,NA,52096.613113,2.42604804028592,NA,NA,2.43186841699283,2.27724,NA,1.5952381,68.187015307804,62.9807203053916,23
"Switzerland",2009,NA,51428.731157,-0.480467933987897,21.922,NA,7.45435661228672,-2.129619,131,1.5952381,68.2329643508091,57.4401453129545,23
"Switzerland",2010,4.54554188510633,52728.479684,0.688233448733416,NA,NA,14.8654465544962,2.953817,155,1.5952381,66.9989589628804,64.249005431889,23
"Switzerland",2011,4.03640569991044,55918.718185,0.231336576913041,21.39,NA,8.00905168301895,1.804554,179,1.5952381,67.4554719689238,65.7753998090835,23
"Switzerland",2012,4.18453207490705,57590.718833,-0.692545841930354,NA,NA,10.4859004803377,1.048103,202,1.5952381,67.5234814191409,67.3384907353749,23
"Switzerland",2013,4.38927648222038,59788.213361,-0.217308517647662,21.82,NA,11.5251478918718,1.78058,NA,1.5952381,67.5366849942641,72.3060311621127,23
"Switzerland",2014,4.53860545755583,61227.957628,-0.0132291602454844,NA,NA,8.78614817805088,1.996886,246,NA,67.9091929103863,64.8627027221683,23
"Switzerland",2015,4.54848833738053,62499.64598,-1.14390064437646,NA,NA,11.5268971578813,0.842237,266,NA,68.1475044866361,62.9030203323159,23
"Switzerland",2016,4.62513125349218,62882.17978,-0.43460763854293,NA,NA,10.6778824802756,1.287451,NA,NA,68.5686143081853,NA,23
"Turkey",1990,NA,NA,NA,NA,NA,NA,NA,NA,NA,NA,NA,24
"Turkey",1991,NA,8483.051857,65.9785498212485,NA,NA,NA,0.926516,NA,2.3928571,57.005125701733,NA,24
"Turkey",1992,NA,9045.416258,70.0761048457468,NA,NA,NA,5.984283,NA,2.3928571,56.005369692822,14.3922357339889,24
"Turkey",1993,NA,9845.218019,66.093846403637,NA,NA,NA,8.04202,NA,2.3928571,52.1713464401212,13.673802849848,24
"Turkey",1994,NA,9356.894892,105.215004028239,NA,5116.5278,NA,-5.455663,NA,2.3928571,54.6612391678945,21.3621312072128,24
"Turkey",1995,NA,10081.491333,89.1133087495809,NA,4959.5952,NA,7.191219,NA,2.3928571,54.1423853923854,19.8916075029397,24
"Turkey",1996,NA,10810.854433,80.41214269887,NA,5899.2031,NA,7.005319,NA,2.3928571,53.7361831049256,21.5426581369532,24
"Turkey",1997,NA,11633.196353,85.6693687054778,NA,6524.4878,NA,7.528801,NA,2.3928571,52.5642505830466,24.5817176843052,24
"Turkey",1998,NA,8921.719955,84.6413356970868,NA,5811.7769,0.723937125068993,3.091863,NA,2.3928571,52.8090648488816,20.5683373541523,24
"Turkey",1999,NA,8608.41727,64.8674792029406,NA,7451.978,-0.389477684113929,-3.389305,NA,2.3928571,52.7196098766522,18.5778590817683,24
"Turkey",2000,NA,9425.599897,54.9153824089285,NA,6405.397,-3.62977473288389,6.640061,NA,2.3928571,49.9480631897858,19.448771835797,24
"Turkey",2001,NA,9102.883389,54.4001840365156,NA,5524.0068,1.92186552793613,-5.962311,NA,2.3928571,49.8218678429044,26.577921430235,24
"Turkey",2002,NA,9207.886394,44.9641235479985,NA,5919.8218,-0.25400119987056,6.430279,NA,2.3928571,49.5774354704413,24.4606945449228,24
"Turkey",2003,NA,9490.779784,21.6024370406171,NA,6300.437,-2.43565889685279,5.608255,NA,2.3928571,48.3305731051545,22.2431333450905,24
"Turkey",2004,NA,10753.465911,8.59826168115268,NA,8220.3564,-3.50084683871182,9.644323,35,2.3095238,46.3077084866968,22.7504811251205,24
"Turkey",2005,9.19166666666667,11772.988907,8.17916036802001,9.459,8564.9561,-4.15783204869893,9.009853,46,2.3095238,46.4328549567807,21.017781274558,24
"Turkey",2006,8.75,13503.967737,9.59724212288442,NA,8491.3682,-5.64306378722104,7.109703,62,2.3095238,46.2602188148208,21.6504180470485,24
"Turkey",2007,8.83333333333333,14709.649173,8.75618090972633,10.242,8436.2979,-5.37028075404372,5.030458,76,2.3095238,46.2384733862741,21.2202245714767,24
"Turkey",2008,9.7,15901.076956,10.4441283764885,NA,8301.5244,-4.99282809481675,0.845251,95,2.3095238,46.8859562733898,22.8262573257972,24
"Turkey",2009,12.55,15348.914297,6.25097663090625,12.482,8514.1846,-1.62582519445399,-4.704466,114,2.3095238,47.8814379135549,22.5736725360337,24
"Turkey",2010,10.6666666666667,17297.873501,8.56644420552977,NA,8595.4482,-5.63798267696741,8.487372,136,2.3095238,48.7999390928644,20.4488078160037,24
"Turkey",2011,8.825,19517.181456,6.47187967115097,11.353,8853.4424,-8.86996398226795,11.113496,160,2.3095238,49.8675224838601,22.2624079166887,24
"Turkey",2012,8.15833333333333,20549.293089,8.89156996512161,NA,9093.6318,-5.5073763084444,4.78994,186,2.3095238,49.9597982603611,23.667365858549,24
"Turkey",2013,8.725,22314.403665,7.49309030547698,12.131,9261.2588,-6.68739190485029,8.491309,208,2.3095238,50.8362106171774,22.2722551378665,24
"Turkey",2014,9.95833333333333,23235.575182,8.8545727136432,NA,9379.5137,-4.67080184199966,5.166691,227,NA,50.5080105989085,23.7643347684811,24
"Turkey",2015,10.3083333333333,24312.564964,7.67085364845878,NA,10062.421,-3.72192837433894,6.057629,251,NA,51.2998236941266,23.33112657372,24
"Turkey",2016,10.9083333333333,24635.962439,7.77513415328336,NA,12074.759,-3.80017877900503,2.876396,NA,NA,51.9950273326408,22.0585132467006,24
"United Kingdom",1990,NA,NA,NA,NA,NA,NA,NA,NA,NA,NA,NA,25
"United Kingdom",1991,8.59166666666667,17045.765444,7.50746268656715,NA,NA,-1.33273546712357,-1.118984,NA,1.0952381,63.5867507183748,NA,25
"United Kingdom",1992,9.76666666666666,17452.711868,4.27599611273084,NA,NA,-1.54051937431128,0.359872,NA,1.0952381,62.9263195339944,22.2027030513114,25
"United Kingdom",1993,10.1916666666667,18274.970667,2.51630941286111,NA,NA,-1.34050590352629,2.507014,NA,1.0952381,62.4558284253806,24.0510977570669,25
"United Kingdom",1994,9.3,19339.398931,1.94805194805196,NA,NA,-0.491413746035569,3.885075,NA,1.0952381,62.3150739704118,25.2578612875002,25
"United Kingdom",1995,8.49166666666667,20180.73323,2.6751592356688,NA,NA,-0.681291729118408,2.506373,NA,1.0952381,62.127055902824,25.4323811982607,25
"United Kingdom",1996,7.90833333333333,21508.533249,2.45657568238211,NA,NA,-0.581588083771979,2.548734,NA,1.0952381,62.1786511638188,26.0142233172808,25
"United Kingdom",1997,6.80833333333333,22700.310431,1.81642044078472,21.479,NA,-0.206954215507187,3.127178,NA,1.0952381,62.2743403795711,25.5084118420842,25
"United Kingdom",1998,6.14166666666667,23237.049551,1.558039961941,NA,NA,-0.427110663179327,3.190779,NA,1.0952381,62.0211433218312,23.9079962623992,25
"United Kingdom",1999,5.91666666666667,23975.351034,1.3467619159152,21.444,NA,-2.41391297535754,3.283348,NA,1.0952381,62.4233531885074,23.7463584686718,25
"United Kingdom",2000,5.36666666666667,26033.624558,0.7973191587705,NA,13039.477,-2.14902351176791,3.744962,NA,1.2619047,62.6471357572587,24.9679191534912,25
"United Kingdom",2001,5,27362.07418,1.23810615613896,22.617,13501.801,-1.94016464761395,2.726107,NA,1.2619047,62.329672234137,24.8147602793209,25
"United Kingdom",2002,5.13333333333333,28632.54593,1.23428830257051,NA,14477.861,-1.99812049951733,2.397248,NA,1.2619047,62.7276863862142,23.8801451752097,25
"United Kingdom",2003,4.95,29903.537721,1.37583892617449,22.719,14800.696,-1.65423289004217,3.466239,NA,1.2619047,62.8196645084038,23.5970249080646,25
"United Kingdom",2004,4.7,31637.588883,1.34613262716541,NA,15671.657,-1.76308210601177,2.527877,NA,1.2619047,62.7922871276751,23.4749868569686,25
"United Kingdom",2005,4.79166666666667,32268.46224,2.03592814371255,22.887,16405.211,-1.21373844925938,2.972096,NA,1.2619047,62.8660789720279,24.7443740544287,25
"United Kingdom",2006,5.35,34343.511085,2.34741784037558,NA,16764.969,-2.22327711995515,2.503009,NA,1.2619047,63.4360178046521,26.7780446317918,25
"United Kingdom",2007,5.275,35153.305966,2.31442869057547,22.462,17240.371,-2.44890227253428,2.555819,NA,1.2619047,63.1926284607712,24.8641639830425,25
"United Kingdom",2008,5.61666666666667,36058.164916,3.59690238434891,NA,17198.191,-3.51618537166646,-0.627205,NA,1.2619047,63.4353074961386,26.9010364058988,25
"United Kingdom",2009,7.55,34411.966468,2.18353496606668,26.484,17359.232,-2.9504580248628,-4.327738,132,1.2619047,63.1960149300011,26.2317048370506,25
"United Kingdom",2010,7.80833333333333,35744.927887,3.30156896717682,NA,17053.221,-2.73854820441365,1.915162,156,1.2619047,62.9257343324264,28.2565492206693,25
"United Kingdom",2011,8.05833333333333,36440.975536,4.46328736489004,25.576,16701.367,-1.78643152196743,1.509062,182,1.2619047,62.9662204515401,30.5223199535213,25
"United Kingdom",2012,7.925,37475.045871,2.80082062260279,NA,16628.547,-3.66754544955237,1.313019,205,1.2619047,63.0764185379811,29.7986799152739,25
"United Kingdom",2013,7.55,39030.287467,2.56832971800434,25.026,16510.783,-4.39432202225501,1.911078,215,1.0952381,63.0967306627777,29.7570136867708,25
"United Kingdom",2014,6.14166666666667,40719.389742,1.47195668725149,NA,16630.965,-4.6638646240288,3.070484,238,1.0952381,63.2451108548228,28.074601641719,25
"United Kingdom",2015,5.325,41779.385718,0.0500208420175129,NA,17125.453,-4.28431677234217,2.194229,NA,NA,63.0831477287664,27.6308074804802,25
"United Kingdom",2016,4.825,42651.342488,0.641613198900099,NA,17568.326,-4.3566914840251,1.806018,NA,NA,63.4853716358798,28.0898436150682,25
"United States",1991,6.81666666666667,24352.31728,4.23496396453857,NA,14977.186,0.0468898049092573,-0.074085,NA,0.25666666,66.1751996857405,NA,26
"United States",1992,7.50833333333333,25452.468064,3.02881967814964,NA,14932.153,-0.789289373480342,3.555396,NA,0.25666666,66.4422603148259,9.68074712595341,26
"United States",1993,6.9,26427.943538,2.95165696638557,21.926,14504.044,-1.23302368180034,2.745857,NA,0.25666666,66.312353403101,9.51921564454307,26
"United States",1994,6.08333333333333,27741.94834,2.6074415921546,NA,14135.469,-1.66391768798465,4.037643,NA,0.25666666,66.5885903585074,9.86404661258997,26
"United States",1995,5.60833333333333,28748.705868,2.80541968853658,21.983,13749.731,-1.48186663709136,2.718976,NA,0.25666666,66.6226886355396,10.6055145706062,26
"United States",1996,5.41666666666667,30032.556708,2.93120419993436,NA,13751.063,-1.54037412771946,3.795881,NA,0.25666666,66.773682163973,10.7107218697413,26
"United States",1997,4.95,31537.873959,2.33768993730742,21.693,14997.704,-1.63465866684478,4.487026,NA,0.25666666,67.0964343558161,11.0797971543292,26
"United States",1998,4.50833333333333,32913.403391,1.55227909874361,NA,15575.435,-2.36618385657625,4.449914,NA,0.25666666,67.0850733104964,10.4847990487138,26
"United States",1999,4.21666666666667,34585.233131,2.1880271969736,21.627,15241.935,-3.05907744064178,4.685201,NA,0.25666666,67.0844705010276,10.2682808067057,26
"United States",2000,3.99166666666667,36419.447022,3.37685727149931,NA,14744.051,-3.99384525632611,4.092173,NA,0.25666666,67.0740484624395,10.664643353056,26
"United States",2001,4.73333333333333,37240.15777,2.82617111885404,23.028,14338.811,-3.7217709762682,0.975984,NA,0.25666666,66.8241179396819,9.66607053553137,26
"United States",2002,5.775,38122.324669,1.58603162650603,NA,14114.945,-4.17291693710559,1.786125,NA,0.25666666,66.5822493910006,9.13238644013572,26
"United States",2003,5.99166666666667,39606.470171,2.27009497336116,24.866,13801.634,-4.52925653795281,2.806778,NA,0.25666666,66.2433139968622,9.03751910184203,26
"United States",2004,5.53333333333333,41856.5242,2.67723669309171,NA,13441.766,-5.16312726961672,3.785741,NA,0.25666666,65.9919680872497,9.62536806733205,26
"United States",2005,5.06666666666667,44236.606947,3.39274684549548,24.588,13000.686,-5.69307376830079,3.345214,NA,0.25666666,66.0447711681108,9.99639827502118,26
"United States",2006,4.61666666666667,46368.987143,3.22594410070407,NA,12594.397,-5.82225622298082,2.666627,NA,0.25666666,66.1795169875969,10.6547916669072,26
"United States",2007,4.61666666666667,47987.494034,2.85267248150138,25.029,12974.395,-4.96383212025453,1.778574,NA,0.25666666,66.0384356616696,11.4979069440554,26
"United States",2008,5.775,48330.061765,3.83910029665098,NA,14097.556,-4.69332119447705,-0.291626,NA,0.25666666,65.9935497117046,12.5143984658305,26
"United States",2009,9.26666666666667,46929.888686,-0.355546266299738,27.886,15756.423,-2.6633700275163,-2.775524,NA,0.25666666,65.3703758677868,11.0116564284852,26
"United States",2010,9.61666666666666,48302.239782,1.64004344238989,NA,16391.313,-2.95341610756195,2.531917,NA,0.25666666,64.7039284197602,12.3783009403936,26
"United States",2011,8.95,49710.016049,3.15684156862205,28.947,15889.705,-2.96660152694384,1.601454,NA,0.25666666,64.108021484106,13.5737920131853,26
"United States",2012,8.06666666666667,51369.693154,2.0693372652606,NA,15567.554,-2.76398074929203,2.224029,NA,0.25666666,63.7001870234499,13.6066084998349,26
"United States",2013,7.375,52688.534577,1.46483265562713,28.841,15342.814,-2.19525506994578,1.677334,NA,0.25666666,63.2483850878586,13.6393115137468,26
"United States",2014,6.16666666666667,54484.038304,1.62222297740822,NA,15097.89,-2.25410651350248,2.370458,NA,NA,62.8856166842108,13.6564648642626,26
"United States",2015,5.29166666666667,56065.97369,0.118627135552434,NA,15080,-2.56680148475465,2.596148,NA,NA,62.6516640683251,12.5539568106003,26
"United States",2016,4.86666666666667,57325.129814,1.26158320570537,NA,14892.122,-2.59143415674427,1.615656,NA,NA,62.787826676869,NA,26
